UniqId,Name,Type,Look,MapId,X,Y,Base,Sort,Level,Life,Defence,MagicDef
1,Storekeeper,0001,10,1002,0415,0351,0000,0000,0000,0000,0000,0000
3,Pharmacist,0001,30,1002,0466,0327,0000,0000,0000,0000,0000,0000
4,Armorer,0001,40,1002,0412,0366,0000,0000,0000,0000,0000,0000
5,Blacksmith,0001,50,1002,0452,0330,0000,0000,0000,0000,0000,0000
8,Warehouseman,0003,80,1002,0409,0351,0000,0001,0000,0000,0000,0000
9,Pharmacist,0001,30,1000,0511,0630,0000,0000,0000,0000,0000,0000
10,Blacksmith,0001,100,1000,0486,0621,0000,0000,0000,0000,0000,0000
11,Armorer,0001,116,1011,0202,0242,0000,0000,0000,0000,0000,0000
30,TaoistStar,0002,130,1004,0060,0033,0000,0000,0000,0000,0000,0000
35,ArtisanCloud,0007,350,1011,0242,0237,0000,0000,0000,0000,0000,0000
40,Alchemist,0002,360,1011,0178,0224,0000,0000,0000,0000,0000,0000
41,ArtisanOu,0002,370,1015,0756,0545,0000,0000,0000,0000,0000,0000
42,Warden,0002,380,6000,0025,0068,0000,0000,0000,0000,0000,0000
43,CaptainLi,0002,391,1002,0512,0351,0000,0000,0000,0000,0000,0000
44,Warehouseman,0003,87,1036,0182,0180,0000,0001,0040,0000,0000,0000
45,Mark.Controller,0002,417,1036,0215,0220,0000,0000,0000,0000,0000,0000
47,PrizeNPC,0002,1067,1036,0185,0170,0000,0000,0000,0000,0000,0000
50,ShopFlag,0016,1086,1036,0118,0217,0000,0000,0000,0000,0000,0000
51,ShopFlag,0016,1086,1036,0118,0213,0000,0000,0000,0000,0000,0000
52,ShopFlag,0016,1086,1036,0118,0209,0000,0000,0000,0000,0000,0000
53,ShopFlag,0016,1086,1036,0118,0205,0000,0000,0000,0000,0000,0000
54,ShopFlag,0016,1086,1036,0118,0201,0000,0000,0000,0000,0000,0000
55,ShopFlag,0016,1086,1036,0118,0197,0000,0000,0000,0000,0000,0000
56,ShopFlag,0016,1086,1036,0118,0193,0000,0000,0000,0000,0000,0000
57,ShopFlag,0016,1086,1036,0118,0189,0000,0000,0000,0000,0000,0000
58,ShopFlag,0016,1086,1036,0118,0185,0000,0000,0000,0000,0000,0000
59,ShopFlag,0016,1086,1036,0118,0181,0000,0000,0000,0000,0000,0000
60,ShopFlag,0016,1086,1036,0118,0177,0000,0000,0000,0000,0000,0000
61,ShopFlag,0016,1086,1036,0118,0173,0000,0000,0000,0000,0000,0000
62,ShopFlag,0016,1086,1036,0125,0217,0000,0000,0000,0000,0000,0000
63,ShopFlag,0016,1086,1036,0125,0213,0000,0000,0000,0000,0000,0000
64,ShopFlag,0016,1086,1036,0125,0209,0000,0000,0000,0000,0000,0000
65,ShopFlag,0016,1086,1036,0125,0205,0000,0000,0000,0000,0000,0000
66,ShopFlag,0016,1086,1036,0125,0201,0000,0000,0000,0000,0000,0000
67,ShopFlag,0016,1086,1036,0125,0197,0000,0000,0000,0000,0000,0000
68,ShopFlag,0016,1086,1036,0125,0193,0000,0000,0000,0000,0000,0000
69,ShopFlag,0016,1086,1036,0125,0189,0000,0000,0000,0000,0000,0000
70,ShopFlag,0016,1086,1036,0125,0185,0000,0000,0000,0000,0000,0000
71,ShopFlag,0016,1086,1036,0125,0181,0000,0000,0000,0000,0000,0000
72,ShopFlag,0016,1086,1036,0125,0177,0000,0000,0000,0000,0000,0000
73,ShopFlag,0016,1086,1036,0125,0173,0000,0000,0000,0000,0000,0000
74,ShopFlag,0016,1086,1036,0150,0217,0000,0000,0000,0000,0000,0000
75,ShopFlag,0016,1086,1036,0150,0213,0000,0000,0000,0000,0000,0000
76,ShopFlag,0016,1086,1036,0150,0209,0000,0000,0000,0000,0000,0000
77,ShopFlag,0016,1086,1036,0150,0205,0000,0000,0000,0000,0000,0000
78,ShopFlag,0016,1086,1036,0150,0201,0000,0000,0000,0000,0000,0000
79,ShopFlag,0016,1086,1036,0150,0197,0000,0000,0000,0000,0000,0000
80,ShopFlag,0016,1086,1036,0150,0193,0000,0000,0000,0000,0000,0000
81,ShopFlag,0016,1086,1036,0150,0189,0000,0000,0000,0000,0000,0000
82,ShopFlag,0016,1086,1036,0150,0185,0000,0000,0000,0000,0000,0000
83,ShopFlag,0016,1086,1036,0150,0181,0000,0000,0000,0000,0000,0000
84,ShopFlag,0016,1086,1036,0150,0177,0000,0000,0000,0000,0000,0000
85,ShopFlag,0016,1086,1036,0150,0173,0000,0000,0000,0000,0000,0000
86,ShopFlag,0016,1086,1036,0157,0217,0000,0000,0000,0000,0000,0000
87,ShopFlag,0016,1086,1036,0157,0213,0000,0000,0000,0000,0000,0000
88,ShopFlag,0016,1086,1036,0157,0209,0000,0000,0000,0000,0000,0000
89,ShopFlag,0016,1086,1036,0157,0205,0000,0000,0000,0000,0000,0000
90,ShopFlag,0016,1086,1036,0157,0201,0000,0000,0000,0000,0000,0000
91,ShopFlag,0016,1086,1036,0157,0197,0000,0000,0000,0000,0000,0000
92,ShopFlag,0016,1086,1036,0157,0193,0000,0000,0000,0000,0000,0000
93,ShopFlag,0016,1086,1036,0157,0189,0000,0000,0000,0000,0000,0000
94,ShopFlag,0016,1086,1036,0157,0185,0000,0000,0000,0000,0000,0000
95,ShopFlag,0016,1086,1036,0157,0181,0000,0000,0000,0000,0000,0000
96,ShopFlag,0016,1086,1036,0157,0177,0000,0000,0000,0000,0000,0000
97,ShopFlag,0016,1086,1036,0157,0173,0000,0000,0000,0000,0000,0000
98,ShopFlag,0016,1086,1036,0178,0268,0000,0000,0000,0000,0000,0000
99,ShopFlag,0016,1086,1036,0178,0263,0000,0000,0000,0000,0000,0000
100,ShopFlag,0016,1086,1036,0178,0258,0000,0000,0000,0000,0000,0000
101,ShopFlag,0016,1086,1036,0178,0253,0000,0000,0000,0000,0000,0000
102,ShopFlag,0016,1086,1036,0178,0248,0000,0000,0000,0000,0000,0000
103,ShopFlag,0016,1086,1036,0178,0243,0000,0000,0000,0000,0000,0000
104,ShopFlag,0016,1086,1036,0185,0268,0000,0000,0000,0000,0000,0000
105,ShopFlag,0016,1086,1036,0185,0263,0000,0000,0000,0000,0000,0000
106,ShopFlag,0016,1086,1036,0185,0258,0000,0000,0000,0000,0000,0000
107,ShopFlag,0016,1086,1036,0185,0253,0000,0000,0000,0000,0000,0000
108,ShopFlag,0016,1086,1036,0185,0248,0000,0000,0000,0000,0000,0000
109,ShopFlag,0016,1086,1036,0185,0243,0000,0000,0000,0000,0000,0000
110,ShopFlag,0016,1086,1036,0210,0268,0000,0000,0000,0000,0000,0000
111,ShopFlag,0016,1086,1036,0210,0263,0000,0000,0000,0000,0000,0000
112,ShopFlag,0016,1086,1036,0210,0258,0000,0000,0000,0000,0000,0000
113,ShopFlag,0016,1086,1036,0210,0253,0000,0000,0000,0000,0000,0000
114,ShopFlag,0016,1086,1036,0210,0248,0000,0000,0000,0000,0000,0000
115,ShopFlag,0016,1086,1036,0210,0243,0000,0000,0000,0000,0000,0000
116,ShopFlag,0016,1086,1036,0217,0268,0000,0000,0000,0000,0000,0000
117,ShopFlag,0016,1086,1036,0217,0263,0000,0000,0000,0000,0000,0000
118,ShopFlag,0016,1086,1036,0217,0258,0000,0000,0000,0000,0000,0000
119,ShopFlag,0016,1086,1036,0217,0253,0000,0000,0000,0000,0000,0000
120,ShopFlag,0016,1086,1036,0217,0248,0000,0000,0000,0000,0000,0000
121,ShopFlag,0016,1086,1036,0217,0243,0000,0000,0000,0000,0000,0000
122,ShopFlag,0016,1086,1036,0269,0174,0000,0000,0000,0000,0000,0000
125,Assistant,0002,1176,1011,0934,0562,0000,0000,0000,0000,0000,0000
126,Assistant,0002,1176,1020,0523,0889,0000,0000,0000,0000,0000,0000
127,Assistant,0002,1176,1000,0312,0008,0000,0000,0000,0000,0000,0000
140,Warden,0002,1160,6001,0025,0070,0000,0000,0000,0000,0000,0000
141,Pharmacist,0001,32,1036,0198,0181,0000,0000,0000,0000,0000,0000
150,ShopFlag,0016,1086,1036,0166,0152,0000,0000,0000,0000,0000,0000
151,ShopFlag,0016,1086,1036,0166,0147,0000,0000,0000,0000,0000,0000
152,ShopFlag,0016,1086,1036,0166,0142,0000,0000,0000,0000,0000,0000
153,ShopFlag,0016,1086,1036,0166,0137,0000,0000,0000,0000,0000,0000
154,ShopFlag,0016,1086,1036,0166,0132,0000,0000,0000,0000,0000,0000
155,ShopFlag,0016,1086,1036,0166,0127,0000,0000,0000,0000,0000,0000
156,ShopFlag,0016,1086,1036,0173,0152,0000,0000,0000,0000,0000,0000
157,ShopFlag,0016,1086,1036,0173,0147,0000,0000,0000,0000,0000,0000
158,ShopFlag,0016,1086,1036,0173,0142,0000,0000,0000,0000,0000,0000
159,ShopFlag,0016,1086,1036,0173,0137,0000,0000,0000,0000,0000,0000
160,ShopFlag,0016,1086,1036,0173,0132,0000,0000,0000,0000,0000,0000
161,ShopFlag,0016,1086,1036,0173,0127,0000,0000,0000,0000,0000,0000
162,ShopFlag,0016,1086,1036,0198,0152,0000,0000,0000,0000,0000,0000
163,ShopFlag,0016,1086,1036,0198,0147,0000,0000,0000,0000,0000,0000
164,ShopFlag,0016,1086,1036,0198,0142,0000,0000,0000,0000,0000,0000
165,ShopFlag,0016,1086,1036,0198,0137,0000,0000,0000,0000,0000,0000
166,ShopFlag,0016,1086,1036,0198,0132,0000,0000,0000,0000,0000,0000
167,ShopFlag,0016,1086,1036,0198,0127,0000,0000,0000,0000,0000,0000
168,ShopFlag,0016,1086,1036,0205,0152,0000,0000,0000,0000,0000,0000
169,ShopFlag,0016,1086,1036,0205,0147,0000,0000,0000,0000,0000,0000
170,ShopFlag,0016,1086,1036,0205,0142,0000,0000,0000,0000,0000,0000
171,ShopFlag,0016,1086,1036,0205,0137,0000,0000,0000,0000,0000,0000
172,ShopFlag,0016,1086,1036,0205,0132,0000,0000,0000,0000,0000,0000
173,ShopFlag,0016,1086,1036,0205,0127,0000,0000,0000,0000,0000,0000
174,ShopFlag,0016,1086,1036,0230,0217,0000,0000,0000,0000,0000,0000
175,ShopFlag,0016,1086,1036,0230,0213,0000,0000,0000,0000,0000,0000
176,ShopFlag,0016,1086,1036,0230,0209,0000,0000,0000,0000,0000,0000
177,ShopFlag,0016,1086,1036,0230,0205,0000,0000,0000,0000,0000,0000
178,ShopFlag,0016,1086,1036,0230,0201,0000,0000,0000,0000,0000,0000
179,ShopFlag,0016,1086,1036,0230,0197,0000,0000,0000,0000,0000,0000
180,ShopFlag,0016,1086,1036,0230,0193,0000,0000,0000,0000,0000,0000
181,ShopFlag,0016,1086,1036,0230,0189,0000,0000,0000,0000,0000,0000
182,ShopFlag,0016,1086,1036,0230,0185,0000,0000,0000,0000,0000,0000
183,ShopFlag,0016,1086,1036,0230,0181,0000,0000,0000,0000,0000,0000
184,ShopFlag,0016,1086,1036,0230,0177,0000,0000,0000,0000,0000,0000
185,ShopFlag,0016,1086,1036,0230,0173,0000,0000,0000,0000,0000,0000
186,ShopFlag,0016,1086,1036,0269,0218,0000,0000,0000,0000,0000,0000
187,ShopFlag,0016,1086,1036,0269,0214,0000,0000,0000,0000,0000,0000
188,ShopFlag,0016,1086,1036,0269,0210,0000,0000,0000,0000,0000,0000
189,ShopFlag,0016,1086,1036,0269,0206,0000,0000,0000,0000,0000,0000
190,ShopFlag,0016,1086,1036,0269,0202,0000,0000,0000,0000,0000,0000
191,ShopFlag,0016,1086,1036,0269,0198,0000,0000,0000,0000,0000,0000
192,ShopFlag,0016,1086,1036,0269,0194,0000,0000,0000,0000,0000,0000
193,ShopFlag,0016,1086,1036,0269,0190,0000,0000,0000,0000,0000,0000
194,ShopFlag,0016,1086,1036,0269,0186,0000,0000,0000,0000,0000,0000
196,ShopFlag,0016,1086,1036,0269,0182,0000,0000,0000,0000,0000,0000
197,ShopFlag,0016,1086,1036,0269,0178,0000,0000,0000,0000,0000,0000
198,ShopFlag,0016,1086,1036,0237,0217,0000,0000,0000,0000,0000,0000
199,ShopFlag,0016,1086,1036,0237,0213,0000,0000,0000,0000,0000,0000
200,ShopFlag,0016,1086,1036,0237,0209,0000,0000,0000,0000,0000,0000
201,ShopFlag,0016,1086,1036,0237,0205,0000,0000,0000,0000,0000,0000
202,ShopFlag,0016,1086,1036,0237,0201,0000,0000,0000,0000,0000,0000
203,ShopFlag,0016,1086,1036,0237,0197,0000,0000,0000,0000,0000,0000
204,ShopFlag,0016,1086,1036,0237,0193,0000,0000,0000,0000,0000,0000
205,ShopFlag,0016,1086,1036,0237,0189,0000,0000,0000,0000,0000,0000
206,ShopFlag,0016,1086,1036,0237,0185,0000,0000,0000,0000,0000,0000
207,ShopFlag,0016,1086,1036,0237,0181,0000,0000,0000,0000,0000,0000
208,ShopFlag,0016,1086,1036,0237,0177,0000,0000,0000,0000,0000,0000
209,ShopFlag,0016,1086,1036,0237,0173,0000,0000,0000,0000,0000,0000
210,ShopFlag,0016,1086,1036,0262,0218,0000,0000,0000,0000,0000,0000
211,ShopFlag,0016,1086,1036,0262,0214,0000,0000,0000,0000,0000,0000
212,ShopFlag,0016,1086,1036,0262,0210,0000,0000,0000,0000,0000,0000
213,ShopFlag,0016,1086,1036,0262,0206,0000,0000,0000,0000,0000,0000
214,ShopFlag,0016,1086,1036,0262,0202,0000,0000,0000,0000,0000,0000
215,ShopFlag,0016,1086,1036,0262,0198,0000,0000,0000,0000,0000,0000
216,ShopFlag,0016,1086,1036,0262,0194,0000,0000,0000,0000,0000,0000
217,ShopFlag,0016,1086,1036,0262,0190,0000,0000,0000,0000,0000,0000
218,ShopFlag,0016,1086,1036,0262,0186,0000,0000,0000,0000,0000,0000
219,ShopFlag,0016,1086,1036,0262,0182,0000,0000,0000,0000,0000,0000
220,ShopFlag,0016,1086,1036,0262,0178,0000,0000,0000,0000,0000,0000
221,ShopFlag,0016,1086,1036,0262,0174,0000,0000,0000,0000,0000,0000
380,GuildController,0002,1156,1002,0350,0337,0000,0000,0000,0000,0000,0000
390,LoveStone,0002,1600,1036,0192,0193,0000,0000,0000,0000,0000,0000
400,ArcherGod,0002,1657,1004,0033,0053,0000,0000,0000,0000,0000,0000
421,Norbert,0002,9210,1011,0810,0458,0000,0000,0000,0000,0000,0000
422,OldQuarrier,0002,9220,1020,0568,0527,0000,0000,0000,0000,0000,0000
423,Pedlar,0001,2706,1002,0412,0361,0000,0000,0000,0000,0000,0000
425,OldGeneralYang,0002,2690,1010,0096,0042,0000,0000,0000,0000,0000,0000
432,GreatMerchant,0001,1390,1036,0212,0179,0000,0001,0000,0000,0000,0000
433,CostumerChen,0001,330,1036,0204,0179,0000,0001,0000,0000,0000,0000
805,Boxer,0002,1056,1002,0350,0335,0000,0001,1038,0000,0000,0000
818,GuildConductor4,0002,1487,1038,0348,0320,0000,0001,0000,0000,0000,0000
817,GuildConductor3,0002,1477,1038,0348,0329,0000,0001,0000,0000,0000,0000
816,GuildConductor2,0002,1467,1038,0339,0338,0000,0001,0000,0000,0000,0000
815,GuildConductor1,0002,1457,1038,0331,0338,0000,0001,0000,0000,0000,0000
819,BeastGuard,0002,8150,1038,0081,0081,0000,0001,0000,0000,0000,0000
923,LadyLuck,0002,9230,1036,0212,0188,0000,0000,0000,0000,0000,0000
924,LadyLuck,0002,9230,700,0040,0050,0000,0000,0000,0000,0000,0000
925,LuckyBox,0002,9257,700,0045,0043,0000,0000,0000,0000,0000,0000
926,LuckyBox,0002,9267,700,0049,0043,0000,0000,0000,0000,0000,0000
927,LuckyBox,0002,9277,700,0053,0043,0000,0000,0000,0000,0000,0000
928,LuckyBox,0002,9307,700,0057,0043,0000,0000,0000,0000,0000,0000
929,LuckyBox,0002,9267,700,0045,0047,0000,0000,0000,0000,0000,0000
930,LuckyBox,0002,9257,700,0049,0047,0000,0000,0000,0000,0000,0000
931,LuckyBox,0002,9287,700,0053,0047,0000,0000,0000,0000,0000,0000
932,LuckyBox,0002,9307,700,0057,0047,0000,0000,0000,0000,0000,0000
933,LuckyBox,0002,9277,700,0045,0051,0000,0000,0000,0000,0000,0000
934,LuckyBox,0002,9267,700,0049,0051,0000,0000,0000,0000,0000,0000
935,LuckyBox,0002,9307,700,0053,0051,0000,0000,0000,0000,0000,0000
936,LuckyBox,0002,9257,700,0057,0051,0000,0000,0000,0000,0000,0000
937,LuckyBox,0002,9287,700,0045,0055,0000,0000,0000,0000,0000,0000
938,LuckyBox,0002,9257,700,0049,0055,0000,0000,0000,0000,0000,0000
939,LuckyBox,0002,9287,700,0053,0055,0000,0000,0000,0000,0000,0000
940,LuckyBox,0002,9267,700,0057,0055,0000,0000,0000,0000,0000,0000
941,ProficiencyGod,0002,9410,1036,0189,0212,0000,0000,0000,0000,0000,0000
942,LuckyBox,0002,9287,700,0049,0059,0000,0000,0000,0000,0000,0000
943,LuckyBox,0002,9277,700,0053,0059,0000,0000,0000,0000,0000,0000
944,LuckyBox,0002,9307,700,0057,0059,0000,0000,0000,0000,0000,0000
945,LuckyBox,0002,9277,700,0045,0059,0000,0000,0000,0000,0000,0000
1000,BoxerZhang,0002,6400,1000,0481,0630,0000,0001,1038,0000,0000,0000
1001,BoxerLi,0002,6418,1011,0206,0255,0000,0001,1038,0000,0000,0000
1003,Boxerzhao,0002,6430,1015,0714,0561,0000,0001,1038,0000,0000,0000
1002,BoxerWang,0002,6420,1020,0552,0559,0000,0001,1038,0000,0000,0000
1060,Guide,0002,2610,1010,0061,0105,0000,0000,0000,0000,0000,0000
1061,WhsGuardian,0002,2620,1002,0409,0392,0000,0000,0000,0000,0000,0000
1152,Simon,0002,6520,1002,0393,0235,0000,0000,0000,0000,0000,0000
1153,EastGeneral,0002,6530,1351,0488,0372,0000,0000,0000,0000,0000,0000
1154,WestGeneral,0002,6540,1352,0670,0468,0000,0000,0000,0000,0000,0000
1155,SouthGeneral,0002,6550,1353,0788,0545,0000,0000,0000,0000,0000,0000
1156,NorthGeneral,0002,6560,1354,0900,0677,0000,0000,0000,0000,0000,0000
1610,OldMiner,0002,6980,1011,0907,0546,0000,0000,0000,0000,0000,0000
1611,GeneralJudd,0002,6990,1002,0396,0233,0000,0000,0000,0000,0000,0000
2065,JewelerLau,0002,1432,1036,0240,0256,0000,0000,0000,0000,0000,0000
2070,CollectorZhao,0002,3220,1036,0212,0184,0000,0000,0000,0000,0000,0000
2071,CPAdmin,0002,3336,1036,0178,0182,0000,0000,0000,0000,0000,0000
3000,DoctorHolt,0002,6900,1213,0474,0255,0000,0000,0000,0000,0000,0000
3010,AntiqueDealer,0002,6910,1015,0761,0588,0000,0000,0000,0000,0000,0000
3113,Storekeeper,0026,10,1511,0041,0061,0001,0001,0000,0000,0000,0000
3114,Barber,0026,21,1511,0044,0050,0002,0001,0000,0000,0000,0000
3115,Pharmacist,0026,37,1511,0037,0054,0003,0001,0000,0000,0000,0000
3116,Blacksmith,0026,51,1511,0045,0042,0005,0001,0000,0000,0000,0000
3117,TrojanStar,0026,61,1511,0038,0035,0006,0001,0000,0000,0000,0000
3118,FireworkMaster,0026,71,1511,0051,0038,0007,0001,0000,0000,0000,0000
3119,Warehouseman,0026,81,1511,0044,0058,0008,0001,0000,0000,0000,0000
3120,Pharmacist,0026,91,1511,0052,0050,0009,0001,0000,0000,0000,0000
3121,Blacksmith,0026,101,1511,0056,0044,0010,0001,0000,0000,0000,0000
3122,Armorer,0026,111,1511,0052,0058,0011,0001,0000,0000,0000,0000
3123,TaoistMoon,0026,121,1511,0056,0059,0012,0001,0000,0000,0000,0000
3124,ItemBox,0002,8200,1511,0062,0054,0000,0000,0000,0000,0000,0000
3125,Armorer,0026,41,1511,0037,0042,0004,0001,0000,0000,0000,0000
3215,SolarSaint,0002,1314,1020,0532,0480,0000,0000,0000,0000,0000,0000
3216,Mr.Free,0002,1320,1011,0154,0238,0000,0000,0000,0000,0000,0000
3381,SurgeonMiracle,0002,2410,1036,0252,0242,0000,0000,0000,0000,0000,0000
3600,Alex,0002,2160,1020,0436,0311,0000,0000,0000,0000,0000,0000
3610,Carl,0002,2377,1020,0369,0309,0000,0000,0000,0000,0000,0000
3825,UnknownMan,0002,3196,1036,0212,0204,0000,0000,0000,0000,0000,0000
3830,Stake0,0002,9327,601,0076,0075,0000,0000,0000,0000,0000,0000
3831,Stake0,0002,9327,601,0076,0069,0000,0000,0000,0000,0000,0000
3832,Stake0,0002,9327,601,0076,0063,0000,0000,0000,0000,0000,0000
3833,Stake0,0002,9327,601,0080,0075,0000,0000,0000,0000,0000,0000
3834,Scarecrow,0002,9337,601,0076,0052,0000,0000,0000,0000,0000,0000
3835,Scarecrow,0002,9337,601,0076,0047,0000,0000,0000,0000,0000,0000
3836,OfflineTGAdmin,0002,3016,601,0057,0054,0000,0000,0000,0000,0000,0000
3838,Scarecrow,0002,9337,601,0080,0052,0000,0000,0000,0000,0000,0000
3839,Scarecrow,0002,9337,601,0080,0047,0000,0000,0000,0000,0000,0000
3930,Stake0,0002,9327,601,0080,0069,0000,0000,0000,0000,0000,0000
3931,Stake0,0002,9327,601,0080,0063,0000,0000,0000,0000,0000,0000
3952,CollectorWong,0002,3236,700,0034,0042,0000,0000,0000,0000,0000,0000
3953,JewelerSun,0002,1440,700,0034,0047,0000,0000,0000,0000,0000,0000
4100,Pharmacist,0001,30,1213,0468,0251,0000,0000,0000,0000,0000,0000
4101,Warehouseman,0003,86,1213,0425,0269,0000,0001,0000,0000,0000,0000
4261,Wingdings,0001,6056,601,0054,0046,0000,0001,0000,0000,0000,0000
5004,MillionaireLee,0002,4294,1036,0242,0242,0000,0000,0000,0000,0000,0000
6003,PrisonOfficer,0002,9994,1036,0260,0242,0000,0000,0000,0000,0000,0000
7000,GuildGateKeeper,0002,1131,1038,0354,0345,0000,0001,0000,0000,0000,0000
7050,WeaponMaster,0002,9500,1036,0178,0192,0000,0000,0000,0000,0000,0000
9999,DiceKing,0019,1696,1036,0139,0139,0000,0000,0000,0000,0000,0000
10000,TaoistMoon,0002,120,1004,0056,0033,0000,0000,0000,0000,0000,0000
10001,WarriorGod,0002,166,1004,0033,0065,0000,0000,0000,0000,0000,0000
10002,Barber,0002,26,1002,0412,0376,0000,0000,0000,0000,0000,0000
10003,GuildDirector,0002,150,1002,0398,0392,0000,0000,0000,0000,0000,0000
10004,Mr.Zeal,0002,170,1010,0070,0037,0000,0000,0000,0000,0000,0000
10005,Blacksmith,0002,56,1010,0066,0046,0000,0000,0000,0000,0000,0000
10006,Warehouseman,0002,86,1010,0072,0050,0000,0000,0000,0000,0000,0000
10007,Armorer,0002,46,1010,0076,0055,0000,0000,0000,0000,0000,0000
10008,Pharmacist,0002,36,1010,0080,0062,0000,0000,0000,0000,0000,0000
10009,Mr.Nosy,0002,180,1010,0085,0041,0000,0000,0000,0000,0000,0000
10010,KnowItAll,0002,190,1010,0088,0031,0000,0000,0000,0000,0000,0000
10011,Warehouseman,0003,200,1000,0471,0629,0000,0001,0000,0000,0000,0000
10012,Warehouseman,0003,210,1011,0227,0246,0000,0001,0000,0000,0000,0000
10013,Blacksmith,0001,220,1011,0197,0226,0000,0000,0000,0000,0000,0000
10014,Pharmacist,0001,230,1011,0189,0252,0000,0000,0000,0000,0000,0000
10015,Blacksmith,0001,220,1000,0493,0255,0000,0000,0000,0000,0000,0000
10016,Pharmacist,0001,236,1000,0519,0259,0000,0000,0000,0000,0000,0000
10017,Pharmacist,0001,230,1013,0046,0022,0000,0000,0000,0000,0000,0000
10018,Blacksmith,0001,220,1013,0030,0024,0000,0000,0000,0000,0000,0000
10019,ArtisanWind,0006,240,1002,0421,0352,0000,0000,0000,0000,0000,0000
10020,Beautician,0005,250,1002,0457,0332,0000,0000,0000,0000,0000,0000
10021,ArenaGuard,0002,260,1002,0459,0291,0000,0000,0000,0000,0000,0000
10022,TrojanStar,0002,60,1004,0044,0033,0000,0000,0000,0000,0000,0000
10023,Storekeeper,0001,10,1015,0721,0541,0000,0000,0000,0000,0000,0000
10025,Blacksmith,0001,50,1015,0751,0544,0000,0000,0000,0000,0000,0000
10026,Pharmacist,0001,30,1015,0765,0542,0000,0000,0000,0000,0000,0000
10027,Warehouseman,0003,80,1015,0716,0541,0000,0001,0000,0000,0000,0000
10028,Warehouseman,0003,80,1020,0576,0542,0000,0001,0000,0000,0000,0000
10029,Blacksmith,0001,50,1020,0560,0508,0000,0000,0000,0000,0000,0000
10030,Pharmacist,0001,30,1020,0550,0542,0000,0000,0000,0000,0000,0000
10031,SpaceMark,0002,270,1002,0411,0704,0000,0000,0000,0000,0000,0000
10032,SpaceMark,0002,270,1002,0096,0323,0000,0000,0000,0000,0000,0000
10033,SpaceMark,0002,270,1002,0795,0465,0000,0000,0000,0000,0000,0000
10034,SpaceMark,0002,270,1011,0538,0772,0000,0000,0000,0000,0000,0000
10035,SpaceMark,0002,270,1011,0734,0452,0000,0000,0000,0000,0000,0000
10036,SpaceMark,0002,270,1011,0067,0423,0000,0000,0000,0000,0000,0000
10037,SpaceMark,0002,270,1020,0824,0601,0000,0000,0000,0000,0000,0000
10038,SpaceMark,0002,270,1020,0491,0731,0000,0000,0000,0000,0000,0000
10039,SpaceMark,0002,270,1020,0106,0394,0000,0000,0000,0000,0000,0000
10040,SpaceMark,0002,270,1000,0225,0205,0000,0000,0000,0000,0000,0000
10041,SpaceMark,0002,270,1000,0793,0549,0000,0000,0000,0000,0000,0000
10043,SpaceMark,0002,270,1001,0472,0366,0000,0000,0000,0000,0000,0000
10050,Conductress,0002,280,1002,0435,0440,0000,0000,0000,0000,0000,0000
10051,Conductress,0002,280,1000,0478,0631,0000,0000,0000,0000,0000,0000
10052,Conductress,0002,287,1011,0228,0255,0000,0000,0000,0000,0000,0000
10053,Conductress,0002,286,1020,0566,0622,0000,0000,0000,0000,0000,0000
10054,GeneralPeace,0002,296,1002,0060,0463,0000,0000,0000,0000,0000,0000
10055,TaoistStar,0002,130,1010,0074,0037,0000,0000,0000,0000,0000,0000
10056,Conductress,0002,280,1015,0789,0566,0000,0000,0000,0000,0000,0000
10060,Sunfer,0002,1070,1002,0409,0386,0000,0000,0000,0000,0000,0000
10062,MagicArtisan,0002,5014,1036,0179,0208,0000,0000,0000,0000,0000,0000
10063,Shopboy,0002,5020,1002,0424,0350,0000,0000,0000,0000,0000,0000
10064,Tinter,0002,5030,1008,0027,0016,0000,0000,0000,0000,0000,0000
10065,GodlyArtisan,0002,5044,1036,0193,0212,0000,0000,0000,0000,0000,0000
15140,Gouda,0002,1820,1002,0473,0325,0000,0001,0000,0000,0000,0000
20000,Shirley,0002,8190,1011,0783,0456,0000,0000,0000,0000,0000,0000
20001,SoldierLeader,0002,8210,1020,0448,0396,0000,0000,0000,0000,0000,0000
20005,Celestine,0002,8350,1002,0365,0092,0000,0000,0000,0000,0000,0000
30000,Matchmaker,0002,6030,1000,0462,0589,0000,0000,0000,0000,0000,0000
30055,Daniel,0002,7097,1012,0155,0165,0000,0000,0000,0000,0000,0000
30080,CoachLi,0002,7150,1002,0349,0313,0000,0000,0000,0000,0000,0000
30081,CoachLin,0002,7161,1011,0178,0271,0000,0000,0000,0000,0000,0000
30082,GeneralCai,0002,7171,1002,0552,0754,0000,0000,0000,0000,0000,0000
30083,KillerMaple,0002,7187,1011,0774,0414,0000,0000,0000,0000,0000,0000
30084,GeneralQing,0002,7190,1002,0400,0288,0000,0000,0000,0000,0000,0000
30085,FoodCarrier,0002,7200,1002,0076,0401,0000,0000,0000,0000,0000,0000
30086,BanditHead,0002,7210,1011,0233,0271,0000,0000,0000,0000,0000,0000
30088,OldmanTang,0002,7230,1011,0779,0467,0000,0000,0000,0000,0000,0000
30095,John,0002,7240,1002,0458,0233,0000,0000,0000,0000,0000,0000
30096,Richard,0002,7253,1002,0458,0375,0000,0000,0000,0000,0000,0000
30099,GeneralLong,0002,7271,1002,0443,0242,0000,0000,0000,0000,0000,0000
30100,MountainKing,0002,7280,1020,0543,0544,0000,0000,0000,0000,0000,0000
30101,SnakemanLeader,0002,7290,1020,0088,0387,0000,0000,0000,0000,0000,0000
30102,VillageHead,0002,7300,1000,0479,0261,0000,0000,0000,0000,0000,0000
30103,StoneBandit,0002,7320,1000,0324,0456,0000,0000,0000,0000,0000,0000
30104,GeneralShou,0002,7310,1000,0519,0615,0000,0000,0000,0000,0000,0000
30105,HeresyLeader,0002,7342,1020,0441,0451,0000,0000,0000,0000,0000,0000
30106,David,0002,7351,1002,0444,0290,0000,0000,0000,0000,0000,0000
30110,Mr.Leisure,0002,7360,1002,0392,0032,0000,0000,0000,0000,0000,0000
30111,BlacksmithLi,0002,7370,1020,0566,0509,0000,0000,0000,0000,0000,0000
30112,GeneralChen,0002,7380,1002,0480,0351,0000,0000,0000,0000,0000,0000
30113,Soldier,0002,7390,1020,0545,0509,0000,0000,0000,0000,0000,0000
30114,GeneralWu,0002,7400,1011,0800,0471,0000,0000,0000,0000,0000,0000
30115,GreenSnake,0002,7410,1015,0678,0966,0000,0000,0000,0000,0000,0000
30120,DevineArtisan,0002,7500,1012,0403,0362,0000,0000,0000,0000,0000,0000
30121,Hades,0002,7510,1020,0381,0033,0000,0000,0000,0000,0000,0000
30123,CellGuard,0002,7530,1012,0364,0343,0000,0000,0000,0000,0000,0000
30125,GreenSnake,0002,7410,1063,0087,0044,0000,0000,0000,0000,0000,0000
30154,Luna,0002,8040,1002,0372,0407,0000,0000,0000,0000,0000,0000
30156,HouseAdmin,0002,8060,1036,0199,0087,0000,0000,0000,0000,0000,0000
30157,HouseAgent,0002,8070,1002,0400,0284,0000,0000,0000,0000,0000,0000
30158,Craftsman,0002,8086,1036,0141,0107,0000,0000,0000,0000,0000,0000
30159,Carpenter,0002,8090,1036,0168,0099,0000,0000,0000,0000,0000,0000
30160,Stoneman,0002,8119,1036,0184,0103,0000,0000,0000,0000,0000,0000
30161,FurnitureNPC,0002,8120,1002,0409,0370,0000,0000,0000,0000,0000,0000
30163,Joy,0002,8280,1011,0324,0187,0000,0000,0000,0000,0000,0000
30164,Mike,0002,8290,1000,0486,0618,0000,0000,0000,0000,0000,0000
30165,EscortChief,0002,8400,1002,0423,0320,0000,0000,0000,0000,0000,0000
30166,Shopboy,0002,8410,1000,0469,0273,0000,0000,0000,0000,0000,0000
30167,Roy,0002,8420,1011,0182,0214,0000,0000,0000,0000,0000,0000
30168,Yougo,0002,8430,1077,0547,0193,0000,0000,0000,0000,0000,0000
35015,Ethereal,0002,6690,1036,0320,0228,0000,0000,0000,0000,0000,0000
35016,WuxingOven,0002,6680,1036,0320,0224,0000,0000,0000,0000,0000,0000
35500,MightyTao,0002,8450,1004,0066,0033,0000,0000,0000,0000,0000,0000
35501,ArtisanRow,0002,8504,1036,0179,0198,0000,0000,0000,0000,0000,0000
100002,Lv20Stake,0021,427,1039,0020,0220,0000,0017,0020,10000,0050,0000
100006,Lv20Stake,0021,427,1039,0036,0204,0000,0017,0020,10000,0050,0000
100007,Lv20Stake,0021,427,1039,0040,0200,0000,0017,0020,10000,0050,0000
100012,Lv20Stake,0021,427,1039,0064,0176,0000,0017,0020,10000,0050,0000
100013,Lv20Stake,0021,427,1039,0068,0172,0000,0017,0020,10000,0050,0000
100014,Lv20Stake,0021,427,1039,0072,0168,0000,0017,0020,10000,0050,0000
100015,Lv20Stake,0021,427,1039,0076,0164,0000,0017,0020,10000,0050,0000
100016,Lv20Stake,0021,427,1039,0084,0156,0000,0017,0020,10000,0050,0000
100017,Lv20Stake,0021,427,1039,0088,0152,0000,0017,0020,10000,0050,0000
100018,Lv20Stake,0021,427,1039,0092,0148,0000,0017,0020,10000,0050,0000
100019,Lv20Stake,0021,427,1039,0096,0144,0000,0017,0020,10000,0050,0000
100020,Lv20Stake,0021,427,1039,0100,0140,0000,0017,0020,10000,0050,0000
100021,Lv20Scarecrow,0022,437,1039,0010,0210,0000,0017,0020,10000,0000,0050
100022,Lv20Scarecrow,0022,437,1039,0014,0206,0000,0017,0020,10000,0000,0050
100023,Lv20Scarecrow,0022,437,1039,0018,0202,0000,0017,0020,10000,0000,0050
100024,Lv20Scarecrow,0022,437,1039,0022,0198,0000,0017,0020,10000,0000,0050
100025,Lv20Scarecrow,0022,437,1039,0026,0194,0000,0017,0020,10000,0000,0050
100026,Lv20Scarecrow,0022,437,1039,0030,0190,0000,0017,0020,10000,0000,0050
100027,Lv20Scarecrow,0022,437,1039,0034,0186,0000,0017,0020,10000,0000,0050
100028,Lv20Scarecrow,0022,437,1039,0042,0178,0000,0017,0020,10000,0000,0050
100029,Lv20Scarecrow,0022,437,1039,0046,0174,0000,0017,0020,10000,0000,0050
100031,Lv20Scarecrow,0022,437,1039,0054,0166,0000,0017,0020,10000,0000,0050
100032,Lv20Scarecrow,0022,437,1039,0058,0162,0000,0017,0020,10000,0000,0050
100033,Lv20Scarecrow,0022,437,1039,0062,0158,0000,0017,0020,10000,0000,0050
100034,Lv20Scarecrow,0022,437,1039,0066,0154,0000,0017,0020,10000,0000,0050
100036,Lv20Scarecrow,0022,437,1039,0078,0142,0000,0017,0020,10000,0000,0050
100037,Lv20Scarecrow,0022,437,1039,0082,0138,0000,0017,0020,10000,0000,0050
100038,Lv20Scarecrow,0022,437,1039,0086,0134,0000,0017,0020,10000,0000,0050
100039,Lv20Scarecrow,0022,437,1039,0090,0130,0000,0017,0020,10000,0000,0050
100046,Lv25Stake,0021,457,1039,0156,0084,0000,0017,0025,10000,0050,0000
100048,Lv25Stake,0021,457,1039,0168,0072,0000,0017,0025,10000,0050,0000
100049,Lv25Stake,0021,457,1039,0172,0068,0000,0017,0025,10000,0050,0000
100123,Lv35Stake,0021,517,1039,0189,0101,0000,0017,0035,10000,0080,0000
100124,Lv35Stake,0021,517,1039,0193,0097,0000,0017,0035,10000,0080,0000
100128,Lv35Stake,0021,517,1039,0209,0081,0000,0017,0035,10000,0080,0000
100129,Lv35Stake,0021,517,1039,0213,0077,0000,0017,0035,10000,0080,0000
100130,Lv35Stake,0021,517,1039,0221,0069,0000,0017,0035,10000,0080,0000
100131,Lv35Stake,0021,517,1039,0225,0065,0000,0017,0035,10000,0080,0000
100132,Lv35Stake,0021,517,1039,0229,0061,0000,0017,0035,10000,0080,0000
100133,Lv35Stake,0021,517,1039,0233,0057,0000,0017,0035,10000,0080,0000
100134,Lv35Stake,0021,517,1039,0237,0053,0000,0017,0035,10000,0080,0000
100135,Lv35Scarecrow,0022,527,1039,0147,0123,0000,0017,0035,10000,0000,0050
100136,Lv35Scarecrow,0022,527,1039,0151,0119,0000,0017,0035,10000,0000,0050
100137,Lv35Scarecrow,0022,527,1039,0155,0115,0000,0017,0035,10000,0000,0050
100138,Lv35Scarecrow,0022,527,1039,0159,0111,0000,0017,0035,10000,0000,0050
100139,Lv35Scarecrow,0022,527,1039,0163,0107,0000,0017,0035,10000,0000,0050
100142,Lv35Scarecrow,0022,527,1039,0179,0091,0000,0017,0035,10000,0000,0050
100143,Lv35Scarecrow,0022,527,1039,0183,0087,0000,0017,0035,10000,0000,0050
100144,Lv35Scarecrow,0022,527,1039,0187,0083,0000,0017,0035,10000,0000,0050
100145,Lv35Scarecrow,0022,527,1039,0191,0079,0000,0017,0035,10000,0000,0050
100146,Lv35Scarecrow,0022,527,1039,0195,0075,0000,0017,0035,10000,0000,0050
100147,Lv35Scarecrow,0022,527,1039,0199,0071,0000,0017,0035,10000,0000,0050
100148,Lv35Scarecrow,0022,527,1039,0203,0067,0000,0017,0035,10000,0000,0050
100149,Lv35Scarecrow,0022,527,1039,0211,0059,0000,0017,0035,10000,0000,0050
100195,Lv45Stake,0021,577,1039,0194,0146,0000,0017,0045,10000,0120,0000
100222,Lv45Scarecrow,0022,587,1039,0220,0100,0000,0017,0045,10000,0000,0050
100223,Lv45Scarecrow,0022,587,1039,0224,0096,0000,0017,0045,10000,0000,0050
100224,Lv45Scarecrow,0022,587,1039,0228,0092,0000,0017,0045,10000,0000,0050
100225,Lv45Scarecrow,0022,587,1039,0236,0084,0000,0017,0045,10000,0000,0050
100226,Lv45Scarecrow,0022,587,1039,0240,0080,0000,0017,0045,10000,0000,0050
100227,Lv45Scarecrow,0022,587,1039,0244,0076,0000,0017,0045,10000,0000,0050
100228,Lv45Scarecrow,0022,587,1039,0248,0072,0000,0017,0045,10000,0000,0050
100229,Lv45Scarecrow,0022,587,1039,0252,0068,0000,0017,0045,10000,0000,0050
100230,Lv50Stake,0021,607,1039,0095,0295,0000,0017,0050,10000,0150,0000
100231,Lv50Stake,0021,607,1039,0099,0291,0000,0017,0050,10000,0150,0000
100232,Lv50Stake,0021,607,1039,0103,0287,0000,0017,0050,10000,0150,0000
100233,Lv50Stake,0021,607,1039,0107,0283,0000,0017,0050,10000,0150,0000
100234,Lv50Stake,0021,607,1039,0111,0279,0000,0017,0050,10000,0150,0000
100235,Lv50Stake,0021,607,1039,0115,0275,0000,0017,0050,10000,0150,0000
100236,Lv50Stake,0021,607,1039,0119,0271,0000,0017,0050,10000,0150,0000
100237,Lv50Stake,0021,607,1039,0127,0263,0000,0017,0050,10000,0150,0000
100238,Lv50Stake,0021,607,1039,0131,0259,0000,0017,0050,10000,0150,0000
100239,Lv50Stake,0021,607,1039,0135,0255,0000,0017,0050,10000,0150,0000
100240,Lv50Stake,0021,607,1039,0139,0251,0000,0017,0050,10000,0150,0000
100241,Lv50Stake,0021,607,1039,0143,0247,0000,0017,0050,10000,0150,0000
100242,Lv50Stake,0021,607,1039,0147,0243,0000,0017,0050,10000,0150,0000
100243,Lv50Stake,0021,607,1039,0151,0239,0000,0017,0050,10000,0150,0000
100244,Lv50Stake,0021,607,1039,0159,0231,0000,0017,0050,10000,0150,0000
100245,Lv50Stake,0021,607,1039,0163,0227,0000,0017,0050,10000,0150,0000
100246,Lv50Stake,0021,607,1039,0167,0223,0000,0017,0050,10000,0150,0000
100247,Lv50Stake,0021,607,1039,0171,0219,0000,0017,0050,10000,0150,0000
100248,Lv50Stake,0021,607,1039,0175,0215,0000,0017,0050,10000,0150,0000
100249,Lv50Scarecrow,0022,617,1039,0085,0285,0000,0017,0050,10000,0000,0050
100250,Lv50Scarecrow,0022,617,1039,0089,0281,0000,0017,0050,10000,0000,0050
100251,Lv50Scarecrow,0022,617,1039,0093,0277,0000,0017,0050,10000,0000,0050
100252,Lv50Scarecrow,0022,617,1039,0097,0273,0000,0017,0050,10000,0000,0050
100253,Lv50Scarecrow,0022,617,1039,0101,0269,0000,0017,0050,10000,0000,0050
100254,Lv50Scarecrow,0022,617,1039,0105,0265,0000,0017,0050,10000,0000,0050
100255,Lv50Scarecrow,0022,617,1039,0109,0261,0000,0017,0050,10000,0000,0050
100256,Lv50Scarecrow,0022,617,1039,0117,0253,0000,0017,0050,10000,0000,0050
100257,Lv50Scarecrow,0022,617,1039,0121,0249,0000,0017,0050,10000,0000,0050
100258,Lv50Scarecrow,0022,617,1039,0125,0245,0000,0017,0050,10000,0000,0050
100259,Lv50Scarecrow,0022,617,1039,0129,0241,0000,0017,0050,10000,0000,0050
100260,Lv50Scarecrow,0022,617,1039,0133,0237,0000,0017,0050,10000,0000,0050
100261,Lv50Scarecrow,0022,617,1039,0137,0233,0000,0017,0050,10000,0000,0050
100262,Lv50Scarecrow,0022,617,1039,0141,0229,0000,0017,0050,10000,0000,0050
100263,Lv50Scarecrow,0022,617,1039,0149,0221,0000,0017,0050,10000,0000,0050
100264,Lv50Scarecrow,0022,617,1039,0153,0217,0000,0017,0050,10000,0000,0050
100265,Lv50Scarecrow,0022,617,1039,0157,0213,0000,0017,0050,10000,0000,0050
100266,Lv50Scarecrow,0022,617,1039,0161,0209,0000,0017,0050,10000,0000,0050
100267,Lv50Scarecrow,0022,617,1039,0165,0205,0000,0017,0050,10000,0000,0050
100268,Lv55Stake,0021,637,1039,0207,0183,0000,0017,0055,10000,0170,0000
100269,Lv55Stake,0021,637,1039,0211,0179,0000,0017,0055,10000,0170,0000
100270,Lv55Stake,0021,637,1039,0215,0175,0000,0017,0055,10000,0170,0000
100271,Lv55Stake,0021,637,1039,0219,0171,0000,0017,0055,10000,0170,0000
100272,Lv55Stake,0021,637,1039,0223,0167,0000,0017,0055,10000,0170,0000
100273,Lv55Stake,0021,637,1039,0227,0163,0000,0017,0055,10000,0170,0000
100274,Lv55Stake,0021,637,1039,0231,0159,0000,0017,0055,10000,0170,0000
100275,Lv55Stake,0021,637,1039,0239,0151,0000,0017,0055,10000,0170,0000
100276,Lv55Stake,0021,637,1039,0243,0147,0000,0017,0055,10000,0170,0000
100277,Lv55Stake,0021,637,1039,0247,0143,0000,0017,0055,10000,0170,0000
100278,Lv55Stake,0021,637,1039,0251,0139,0000,0017,0055,10000,0170,0000
100279,Lv55Stake,0021,637,1039,0255,0135,0000,0017,0055,10000,0170,0000
100280,Lv55Stake,0021,637,1039,0259,0131,0000,0017,0055,10000,0170,0000
100281,Lv55Stake,0021,637,1039,0263,0127,0000,0017,0055,10000,0170,0000
100282,Lv55Stake,0021,637,1039,0271,0119,0000,0017,0055,10000,0170,0000
100283,Lv55Stake,0021,637,1039,0275,0115,0000,0017,0055,10000,0170,0000
100284,Lv55Stake,0021,637,1039,0279,0111,0000,0017,0055,10000,0170,0000
100285,Lv55Stake,0021,637,1039,0283,0107,0000,0017,0055,10000,0170,0000
100286,Lv55Stake,0021,637,1039,0287,0103,0000,0017,0055,10000,0170,0000
100287,Lv55Scarecrow,0022,647,1039,0197,0173,0000,0017,0055,10000,0000,0050
100288,Lv55Scarecrow,0022,647,1039,0201,0169,0000,0017,0055,10000,0000,0050
100289,Lv55Scarecrow,0022,647,1039,0205,0165,0000,0017,0055,10000,0000,0050
100290,Lv55Scarecrow,0022,647,1039,0209,0161,0000,0017,0055,10000,0000,0050
100291,Lv55Scarecrow,0022,647,1039,0213,0157,0000,0017,0055,10000,0000,0050
100292,Lv55Scarecrow,0022,647,1039,0217,0153,0000,0017,0055,10000,0000,0050
100293,Lv55Scarecrow,0022,647,1039,0221,0149,0000,0017,0055,10000,0000,0050
100294,Lv55Scarecrow,0022,647,1039,0229,0141,0000,0017,0055,10000,0000,0050
100295,Lv55Scarecrow,0022,647,1039,0233,0137,0000,0017,0055,10000,0000,0050
100296,Lv55Scarecrow,0022,647,1039,0237,0133,0000,0017,0055,10000,0000,0050
100297,Lv55Scarecrow,0022,647,1039,0241,0129,0000,0017,0055,10000,0000,0050
100298,Lv55Scarecrow,0022,647,1039,0245,0125,0000,0017,0055,10000,0000,0050
100299,Lv55Scarecrow,0022,647,1039,0249,0121,0000,0017,0055,10000,0000,0050
100300,Lv55Scarecrow,0022,647,1039,0253,0117,0000,0017,0055,10000,0000,0050
100301,Lv55Scarecrow,0022,647,1039,0261,0109,0000,0017,0055,10000,0000,0050
100302,Lv55Scarecrow,0022,647,1039,0265,0105,0000,0017,0055,10000,0000,0050
100303,Lv55Scarecrow,0022,647,1039,0269,0101,0000,0017,0055,10000,0000,0050
100304,Lv55Scarecrow,0022,647,1039,0273,0097,0000,0017,0055,10000,0000,0050
100305,Lv55Scarecrow,0022,647,1039,0277,0093,0000,0017,0055,10000,0000,0050
100306,Lv60Stake,0021,667,1039,0120,0320,0000,0017,0060,10000,0210,0000
100307,Lv60Stake,0021,667,1039,0124,0316,0000,0017,0060,10000,0210,0000
100308,Lv60Stake,0021,667,1039,0128,0312,0000,0017,0060,10000,0210,0000
100309,Lv60Stake,0021,667,1039,0132,0308,0000,0017,0060,10000,0210,0000
100310,Lv60Stake,0021,667,1039,0136,0304,0000,0017,0060,10000,0210,0000
100311,Lv60Stake,0021,667,1039,0140,0300,0000,0017,0060,10000,0210,0000
100312,Lv60Stake,0021,667,1039,0144,0296,0000,0017,0060,10000,0210,0000
100313,Lv60Stake,0021,667,1039,0152,0288,0000,0017,0060,10000,0210,0000
100314,Lv60Stake,0021,667,1039,0156,0284,0000,0017,0060,10000,0210,0000
100315,Lv60Stake,0021,667,1039,0160,0280,0000,0017,0060,10000,0210,0000
100316,Lv60Stake,0021,667,1039,0164,0276,0000,0017,0060,10000,0210,0000
100317,Lv60Stake,0021,667,1039,0168,0272,0000,0017,0060,10000,0210,0000
100318,Lv60Stake,0021,667,1039,0172,0268,0000,0017,0060,10000,0210,0000
100319,Lv60Stake,0021,667,1039,0176,0264,0000,0017,0060,10000,0210,0000
100320,Lv60Stake,0021,667,1039,0184,0256,0000,0017,0060,10000,0210,0000
100321,Lv60Stake,0021,667,1039,0188,0252,0000,0017,0060,10000,0210,0000
100322,Lv60Stake,0021,667,1039,0192,0248,0000,0017,0060,10000,0210,0000
100323,Lv60Stake,0021,667,1039,0196,0244,0000,0017,0060,10000,0210,0000
100324,Lv60Stake,0021,667,1039,0200,0240,0000,0017,0060,10000,0210,0000
100325,Lv60Scarecrow,0022,677,1039,0110,0310,0000,0017,0060,10000,0000,0050
100326,Lv60Scarecrow,0022,677,1039,0114,0306,0000,0017,0060,10000,0000,0050
100327,Lv60Scarecrow,0022,677,1039,0118,0302,0000,0017,0060,10000,0000,0050
100328,Lv60Scarecrow,0022,677,1039,0122,0298,0000,0017,0060,10000,0000,0050
100329,Lv60Scarecrow,0022,677,1039,0126,0294,0000,0017,0060,10000,0000,0050
100330,Lv60Scarecrow,0022,677,1039,0130,0290,0000,0017,0060,10000,0000,0050
100331,Lv60Scarecrow,0022,677,1039,0134,0286,0000,0017,0060,10000,0000,0050
100332,Lv60Scarecrow,0022,677,1039,0142,0278,0000,0017,0060,10000,0000,0050
100333,Lv60Scarecrow,0022,677,1039,0146,0274,0000,0017,0060,10000,0000,0050
100334,Lv60Scarecrow,0022,677,1039,0150,0270,0000,0017,0060,10000,0000,0050
100335,Lv60Scarecrow,0022,677,1039,0154,0266,0000,0017,0060,10000,0000,0050
100336,Lv60Scarecrow,0022,677,1039,0158,0262,0000,0017,0060,10000,0000,0050
100337,Lv60Scarecrow,0022,677,1039,0162,0258,0000,0017,0060,10000,0000,0050
100338,Lv60Scarecrow,0022,677,1039,0166,0254,0000,0017,0060,10000,0000,0050
100339,Lv60Scarecrow,0022,677,1039,0174,0246,0000,0017,0060,10000,0000,0050
100340,Lv60Scarecrow,0022,677,1039,0178,0242,0000,0017,0060,10000,0000,0050
100341,Lv60Scarecrow,0022,677,1039,0182,0238,0000,0017,0060,10000,0000,0050
100342,Lv60Scarecrow,0022,677,1039,0186,0234,0000,0017,0060,10000,0000,0050
100343,Lv60Scarecrow,0022,677,1039,0190,0230,0000,0017,0060,10000,0000,0050
100344,Lv65Stake,0021,697,1039,0232,0208,0000,0017,0065,10000,0250,0000
100345,Lv65Stake,0021,697,1039,0236,0204,0000,0017,0065,10000,0250,0000
100346,Lv65Stake,0021,697,1039,0240,0200,0000,0017,0065,10000,0250,0000
100347,Lv65Stake,0021,697,1039,0244,0196,0000,0017,0065,10000,0250,0000
100348,Lv65Stake,0021,697,1039,0248,0192,0000,0017,0065,10000,0250,0000
100349,Lv65Stake,0021,697,1039,0252,0188,0000,0017,0065,10000,0250,0000
100350,Lv65Stake,0021,697,1039,0256,0184,0000,0017,0065,10000,0250,0000
100351,Lv65Stake,0021,697,1039,0264,0176,0000,0017,0065,10000,0250,0000
100352,Lv65Stake,0021,697,1039,0268,0172,0000,0017,0065,10000,0250,0000
100353,Lv65Stake,0021,697,1039,0272,0168,0000,0017,0065,10000,0250,0000
100354,Lv65Stake,0021,697,1039,0276,0164,0000,0017,0065,10000,0250,0000
100355,Lv65Stake,0021,697,1039,0280,0160,0000,0017,0065,10000,0250,0000
100356,Lv65Stake,0021,697,1039,0284,0156,0000,0017,0065,10000,0250,0000
100357,Lv65Stake,0021,697,1039,0288,0152,0000,0017,0065,10000,0250,0000
100358,Lv65Stake,0021,697,1039,0296,0144,0000,0017,0065,10000,0250,0000
100359,Lv65Stake,0021,697,1039,0300,0140,0000,0017,0065,10000,0250,0000
100360,Lv65Stake,0021,697,1039,0304,0136,0000,0017,0065,10000,0250,0000
100361,Lv65Stake,0021,697,1039,0308,0132,0000,0017,0065,10000,0250,0000
100362,Lv65Stake,0021,697,1039,0312,0128,0000,0017,0065,10000,0250,0000
100363,Lv65Scarecrow,0022,707,1039,0222,0198,0000,0017,0065,10000,0000,0050
100364,Lv65Scarecrow,0022,707,1039,0226,0194,0000,0017,0065,10000,0000,0050
100365,Lv65Scarecrow,0022,707,1039,0230,0190,0000,0017,0065,10000,0000,0050
100366,Lv65Scarecrow,0022,707,1039,0234,0186,0000,0017,0065,10000,0000,0050
100367,Lv65Scarecrow,0022,707,1039,0238,0182,0000,0017,0065,10000,0000,0050
100368,Lv65Scarecrow,0022,707,1039,0242,0178,0000,0017,0065,10000,0000,0050
100369,Lv65Scarecrow,0022,707,1039,0246,0174,0000,0017,0065,10000,0000,0050
100370,Lv65Scarecrow,0022,707,1039,0254,0166,0000,0017,0065,10000,0000,0050
100371,Lv65Scarecrow,0022,707,1039,0258,0162,0000,0017,0065,10000,0000,0050
100372,Lv65Scarecrow,0022,707,1039,0262,0158,0000,0017,0065,10000,0000,0050
100373,Lv65Scarecrow,0022,707,1039,0266,0154,0000,0017,0065,10000,0000,0050
100374,Lv65Scarecrow,0022,707,1039,0270,0150,0000,0017,0065,10000,0000,0050
100375,Lv65Scarecrow,0022,707,1039,0274,0146,0000,0017,0065,10000,0000,0050
100376,Lv65Scarecrow,0022,707,1039,0278,0142,0000,0017,0065,10000,0000,0050
100377,Lv65Scarecrow,0022,707,1039,0286,0134,0000,0017,0065,10000,0000,0050
100378,Lv65Scarecrow,0022,707,1039,0290,0130,0000,0017,0065,10000,0000,0050
100379,Lv65Scarecrow,0022,707,1039,0294,0126,0000,0017,0065,10000,0000,0050
100381,Lv65Scarecrow,0022,707,1039,0302,0118,0000,0017,0065,10000,0000,0050
100382,Lv70Stake,0021,727,1039,0145,0345,0000,0017,0070,10000,0290,0000
100383,Lv70Stake,0021,727,1039,0149,0341,0000,0017,0070,10000,0290,0000
100384,Lv70Stake,0021,727,1039,0153,0337,0000,0017,0070,10000,0290,0000
100385,Lv70Stake,0021,727,1039,0157,0333,0000,0017,0070,10000,0290,0000
100386,Lv70Stake,0021,727,1039,0161,0329,0000,0017,0070,10000,0290,0000
100387,Lv70Stake,0021,727,1039,0165,0325,0000,0017,0070,10000,0290,0000
100388,Lv70Stake,0021,727,1039,0169,0321,0000,0017,0070,10000,0290,0000
100389,Lv70Stake,0021,727,1039,0177,0313,0000,0017,0070,10000,0290,0000
100391,Lv70Stake,0021,727,1039,0185,0305,0000,0017,0070,10000,0290,0000
100392,Lv70Stake,0021,727,1039,0189,0301,0000,0017,0070,10000,0290,0000
100393,Lv70Stake,0021,727,1039,0193,0297,0000,0017,0070,10000,0290,0000
100394,Lv70Stake,0021,727,1039,0197,0293,0000,0017,0070,10000,0290,0000
100395,Lv70Stake,0021,727,1039,0201,0289,0000,0017,0070,10000,0290,0000
100396,Lv70Stake,0021,727,1039,0209,0281,0000,0017,0070,10000,0290,0000
100397,Lv70Stake,0021,727,1039,0213,0277,0000,0017,0070,10000,0290,0000
100398,Lv70Stake,0021,727,1039,0217,0273,0000,0017,0070,10000,0290,0000
100399,Lv70Stake,0021,727,1039,0221,0269,0000,0017,0070,10000,0290,0000
100401,Lv70Scarecrow,0022,737,1039,0135,0335,0000,0017,0070,10000,0000,0050
100402,Lv70Scarecrow,0022,737,1039,0139,0331,0000,0017,0070,10000,0000,0050
100403,Lv70Scarecrow,0022,737,1039,0143,0327,0000,0017,0070,10000,0000,0050
100404,Lv70Scarecrow,0022,737,1039,0147,0323,0000,0017,0070,10000,0000,0050
100405,Lv70Scarecrow,0022,737,1039,0151,0319,0000,0017,0070,10000,0000,0050
100406,Lv70Scarecrow,0022,737,1039,0155,0315,0000,0017,0070,10000,0000,0050
100407,Lv70Scarecrow,0022,737,1039,0159,0311,0000,0017,0070,10000,0000,0050
100408,Lv70Scarecrow,0022,737,1039,0167,0303,0000,0017,0070,10000,0000,0050
100409,Lv70Scarecrow,0022,737,1039,0171,0299,0000,0017,0070,10000,0000,0050
100410,Lv70Scarecrow,0022,737,1039,0175,0295,0000,0017,0070,10000,0000,0050
100411,Lv70Scarecrow,0022,737,1039,0179,0291,0000,0017,0070,10000,0000,0050
100412,Lv70Scarecrow,0022,737,1039,0183,0287,0000,0017,0070,10000,0000,0050
100413,Lv70Scarecrow,0022,737,1039,0187,0283,0000,0017,0070,10000,0000,0050
100414,Lv70Scarecrow,0022,737,1039,0191,0279,0000,0017,0070,10000,0000,0050
100415,Lv70Scarecrow,0022,737,1039,0199,0271,0000,0017,0070,10000,0000,0050
100416,Lv70Scarecrow,0022,737,1039,0203,0267,0000,0017,0070,10000,0000,0050
100417,Lv70Scarecrow,0022,737,1039,0207,0263,0000,0017,0070,10000,0000,0050
100418,Lv70Scarecrow,0022,737,1039,0211,0259,0000,0017,0070,10000,0000,0050
100419,Lv70Scarecrow,0022,737,1039,0215,0255,0000,0017,0070,10000,0000,0050
100420,Lv75Stake,0021,757,1039,0257,0233,0000,0017,0075,10000,0330,0000
100424,Lv75Stake,0021,757,1039,0273,0217,0000,0017,0075,10000,0330,0000
100426,Lv75Stake,0021,757,1039,0281,0209,0000,0017,0075,10000,0330,0000
100427,Lv75Stake,0021,757,1039,0289,0201,0000,0017,0075,10000,0330,0000
100428,Lv75Stake,0021,757,1039,0293,0197,0000,0017,0075,10000,0330,0000
100429,Lv75Stake,0021,757,1039,0297,0193,0000,0017,0075,10000,0330,0000
100430,Lv75Stake,0021,757,1039,0301,0189,0000,0017,0075,10000,0330,0000
100431,Lv75Stake,0021,757,1039,0305,0185,0000,0017,0075,10000,0330,0000
100434,Lv75Stake,0021,757,1039,0321,0169,0000,0017,0075,10000,0330,0000
100435,Lv75Stake,0021,757,1039,0325,0165,0000,0017,0075,10000,0330,0000
100436,Lv75Stake,0021,757,1039,0329,0161,0000,0017,0075,10000,0330,0000
100437,Lv75Stake,0021,757,1039,0333,0157,0000,0017,0075,10000,0330,0000
100438,Lv75Stake,0021,757,1039,0337,0153,0000,0017,0075,10000,0330,0000
100439,Lv75Scarecrow,0022,767,1039,0247,0223,0000,0017,0075,10000,0000,0050
100440,Lv75Scarecrow,0022,767,1039,0251,0219,0000,0017,0075,10000,0000,0050
100441,Lv75Scarecrow,0022,767,1039,0255,0215,0000,0017,0075,10000,0000,0050
100442,Lv75Scarecrow,0022,767,1039,0259,0211,0000,0017,0075,10000,0000,0050
100443,Lv75Scarecrow,0022,767,1039,0263,0207,0000,0017,0075,10000,0000,0050
100444,Lv75Scarecrow,0022,767,1039,0267,0203,0000,0017,0075,10000,0000,0050
100445,Lv75Scarecrow,0022,767,1039,0271,0199,0000,0017,0075,10000,0000,0050
100446,Lv75Scarecrow,0022,767,1039,0279,0191,0000,0017,0075,10000,0000,0050
100447,Lv75Scarecrow,0022,767,1039,0283,0187,0000,0017,0075,10000,0000,0050
100448,Lv75Scarecrow,0022,767,1039,0287,0183,0000,0017,0075,10000,0000,0050
100449,Lv75Scarecrow,0022,767,1039,0291,0179,0000,0017,0075,10000,0000,0050
100450,Lv75Scarecrow,0022,767,1039,0295,0175,0000,0017,0075,10000,0000,0050
100451,Lv75Scarecrow,0022,767,1039,0299,0171,0000,0017,0075,10000,0000,0050
100452,Lv75Scarecrow,0022,767,1039,0303,0167,0000,0017,0075,10000,0000,0050
100453,Lv75Scarecrow,0022,767,1039,0311,0159,0000,0017,0075,10000,0000,0050
100454,Lv75Scarecrow,0022,767,1039,0315,0155,0000,0017,0075,10000,0000,0050
100455,Lv75Scarecrow,0022,767,1039,0319,0151,0000,0017,0075,10000,0000,0050
100456,Lv75Scarecrow,0022,767,1039,0323,0147,0000,0017,0075,10000,0000,0050
100457,Lv75Scarecrow,0022,767,1039,0327,0143,0000,0017,0075,10000,0000,0050
100458,Lv80Stake,0021,787,1039,0185,0385,0000,0017,0080,10000,0380,0000
100459,Lv80Stake,0021,787,1039,0189,0381,0000,0017,0080,10000,0380,0000
100460,Lv80Stake,0021,787,1039,0193,0377,0000,0017,0080,10000,0380,0000
100461,Lv80Stake,0021,787,1039,0197,0373,0000,0017,0080,10000,0380,0000
100462,Lv80Stake,0021,787,1039,0201,0369,0000,0017,0080,10000,0380,0000
100463,Lv80Stake,0021,787,1039,0205,0365,0000,0017,0080,10000,0380,0000
100464,Lv80Stake,0021,787,1039,0209,0361,0000,0017,0080,10000,0380,0000
100465,Lv80Stake,0021,787,1039,0217,0353,0000,0017,0080,10000,0380,0000
100466,Lv80Stake,0021,787,1039,0221,0349,0000,0017,0080,10000,0380,0000
100467,Lv80Stake,0021,787,1039,0225,0345,0000,0017,0080,10000,0380,0000
100468,Lv80Stake,0021,787,1039,0229,0341,0000,0017,0080,10000,0380,0000
100469,Lv80Stake,0021,787,1039,0233,0337,0000,0017,0080,10000,0380,0000
100470,Lv80Stake,0021,787,1039,0237,0333,0000,0017,0080,10000,0380,0000
100471,Lv80Stake,0021,787,1039,0241,0329,0000,0017,0080,10000,0380,0000
100472,Lv80Stake,0021,787,1039,0249,0321,0000,0017,0080,10000,0380,0000
100473,Lv80Stake,0021,787,1039,0253,0317,0000,0017,0080,10000,0380,0000
100474,Lv80Stake,0021,787,1039,0257,0313,0000,0017,0080,10000,0380,0000
100475,Lv80Stake,0021,787,1039,0261,0309,0000,0017,0080,10000,0380,0000
100476,Lv80Stake,0021,787,1039,0265,0305,0000,0017,0080,10000,0380,0000
100477,Lv80Scarecrow,0022,797,1039,0175,0375,0000,0017,0080,10000,0000,0050
100478,Lv80Scarecrow,0022,797,1039,0179,0371,0000,0017,0080,10000,0000,0050
100479,Lv80Scarecrow,0022,797,1039,0183,0367,0000,0017,0080,10000,0000,0050
100480,Lv80Scarecrow,0022,797,1039,0187,0363,0000,0017,0080,10000,0000,0050
100481,Lv80Scarecrow,0022,797,1039,0191,0359,0000,0017,0080,10000,0000,0050
100482,Lv80Scarecrow,0022,797,1039,0195,0355,0000,0017,0080,10000,0000,0050
100483,Lv80Scarecrow,0022,797,1039,0199,0351,0000,0017,0080,10000,0000,0050
100484,Lv80Scarecrow,0022,797,1039,0207,0343,0000,0017,0080,10000,0000,0050
100485,Lv80Scarecrow,0022,797,1039,0211,0339,0000,0017,0080,10000,0000,0050
100486,Lv80Scarecrow,0022,797,1039,0215,0335,0000,0017,0080,10000,0000,0050
100487,Lv80Scarecrow,0022,797,1039,0219,0331,0000,0017,0080,10000,0000,0050
100488,Lv80Scarecrow,0022,797,1039,0223,0327,0000,0017,0080,10000,0000,0050
100489,Lv80Scarecrow,0022,797,1039,0227,0323,0000,0017,0080,10000,0000,0050
100490,Lv80Scarecrow,0022,797,1039,0231,0319,0000,0017,0080,10000,0000,0050
100491,Lv80Scarecrow,0022,797,1039,0239,0311,0000,0017,0080,10000,0000,0050
100492,Lv80Scarecrow,0022,797,1039,0243,0307,0000,0017,0080,10000,0000,0050
100493,Lv80Scarecrow,0022,797,1039,0247,0303,0000,0017,0080,10000,0000,0050
100494,Lv80Scarecrow,0022,797,1039,0251,0299,0000,0017,0080,10000,0000,0050
100495,Lv80Scarecrow,0022,797,1039,0255,0295,0000,0017,0080,10000,0000,0050
100496,Lv85Stake,0021,817,1039,0297,0273,0000,0017,0085,10000,0440,0000
100497,Lv85Stake,0021,817,1039,0301,0269,0000,0017,0085,10000,0440,0000
100498,Lv85Stake,0021,817,1039,0305,0265,0000,0017,0085,10000,0440,0000
100499,Lv85Stake,0021,817,1039,0309,0261,0000,0017,0085,10000,0440,0000
100500,Lv85Stake,0021,817,1039,0313,0257,0000,0017,0085,10000,0440,0000
100501,Lv85Stake,0021,817,1039,0317,0253,0000,0017,0085,10000,0440,0000
100502,Lv85Stake,0021,817,1039,0321,0249,0000,0017,0085,10000,0440,0000
100503,Lv85Stake,0021,817,1039,0329,0241,0000,0017,0085,10000,0440,0000
100504,Lv85Stake,0021,817,1039,0333,0237,0000,0017,0085,10000,0440,0000
100505,Lv85Stake,0021,817,1039,0337,0233,0000,0017,0085,10000,0440,0000
100506,Lv85Stake,0021,817,1039,0341,0229,0000,0017,0085,10000,0440,0000
100507,Lv85Stake,0021,817,1039,0345,0225,0000,0017,0085,10000,0440,0000
100508,Lv85Stake,0021,817,1039,0349,0221,0000,0017,0085,10000,0440,0000
100509,Lv85Stake,0021,817,1039,0353,0217,0000,0017,0085,10000,0440,0000
100510,Lv85Stake,0021,817,1039,0361,0209,0000,0017,0085,10000,0440,0000
100511,Lv85Stake,0021,817,1039,0365,0205,0000,0017,0085,10000,0440,0000
100512,Lv85Stake,0021,817,1039,0369,0201,0000,0017,0085,10000,0440,0000
100513,Lv85Stake,0021,817,1039,0373,0197,0000,0017,0085,10000,0440,0000
100514,Lv85Stake,0021,817,1039,0377,0193,0000,0017,0085,10000,0440,0000
100515,Lv85Scarecrow,0022,827,1039,0287,0263,0000,0017,0085,10000,0000,0050
100516,Lv85Scarecrow,0022,827,1039,0291,0259,0000,0017,0085,10000,0000,0050
100517,Lv85Scarecrow,0022,827,1039,0295,0255,0000,0017,0085,10000,0000,0050
100518,Lv85Scarecrow,0022,827,1039,0299,0251,0000,0017,0085,10000,0000,0050
100519,Lv85Scarecrow,0022,827,1039,0303,0247,0000,0017,0085,10000,0000,0050
100520,Lv85Scarecrow,0022,827,1039,0307,0243,0000,0017,0085,10000,0000,0050
100521,Lv85Scarecrow,0022,827,1039,0311,0239,0000,0017,0085,10000,0000,0050
100522,Lv85Scarecrow,0022,827,1039,0319,0231,0000,0017,0085,10000,0000,0050
100523,Lv85Scarecrow,0022,827,1039,0323,0227,0000,0017,0085,10000,0000,0050
100524,Lv85Scarecrow,0022,827,1039,0327,0223,0000,0017,0085,10000,0000,0050
100525,Lv85Scarecrow,0022,827,1039,0331,0219,0000,0017,0085,10000,0000,0050
100526,Lv85Scarecrow,0022,827,1039,0335,0215,0000,0017,0085,10000,0000,0050
100527,Lv85Scarecrow,0022,827,1039,0339,0211,0000,0017,0085,10000,0000,0050
100528,Lv85Scarecrow,0022,827,1039,0343,0207,0000,0017,0085,10000,0000,0050
100529,Lv85Scarecrow,0022,827,1039,0351,0199,0000,0017,0085,10000,0000,0050
100530,Lv85Scarecrow,0022,827,1039,0355,0195,0000,0017,0085,10000,0000,0050
100531,Lv85Scarecrow,0022,827,1039,0359,0191,0000,0017,0085,10000,0000,0050
100532,Lv85Scarecrow,0022,827,1039,0363,0187,0000,0017,0085,10000,0000,0050
100533,Lv85Scarecrow,0022,827,1039,0367,0183,0000,0017,0085,10000,0000,0050
100534,Lv90Stake,0021,847,1039,0210,0410,0000,0017,0090,10000,0500,0000
100535,Lv90Stake,0021,847,1039,0214,0406,0000,0017,0090,10000,0500,0000
100536,Lv90Stake,0021,847,1039,0218,0402,0000,0017,0090,10000,0500,0000
100537,Lv90Stake,0021,847,1039,0222,0398,0000,0017,0090,10000,0500,0000
100538,Lv90Stake,0021,847,1039,0226,0394,0000,0017,0090,10000,0500,0000
100539,Lv90Stake,0021,847,1039,0230,0390,0000,0017,0090,10000,0500,0000
100540,Lv90Stake,0021,847,1039,0234,0386,0000,0017,0090,10000,0500,0000
100541,Lv90Stake,0021,847,1039,0242,0378,0000,0017,0090,10000,0500,0000
100542,Lv90Stake,0021,847,1039,0246,0374,0000,0017,0090,10000,0500,0000
100543,Lv90Stake,0021,847,1039,0250,0370,0000,0017,0090,10000,0500,0000
100544,Lv90Stake,0021,847,1039,0254,0366,0000,0017,0090,10000,0500,0000
100545,Lv90Stake,0021,847,1039,0258,0362,0000,0017,0090,10000,0500,0000
100546,Lv90Stake,0021,847,1039,0262,0358,0000,0017,0090,10000,0500,0000
100547,Lv90Stake,0021,847,1039,0266,0354,0000,0017,0090,10000,0500,0000
100548,Lv90Stake,0021,847,1039,0274,0346,0000,0017,0090,10000,0500,0000
100549,Lv90Stake,0021,847,1039,0278,0342,0000,0017,0090,10000,0500,0000
100550,Lv90Stake,0021,847,1039,0282,0338,0000,0017,0090,10000,0500,0000
100551,Lv90Stake,0021,847,1039,0286,0334,0000,0017,0090,10000,0500,0000
100552,Lv90Stake,0021,847,1039,0290,0330,0000,0017,0090,10000,0500,0000
100553,Lv90Scarecrow,0022,857,1039,0200,0400,0000,0017,0090,10000,0000,0050
100554,Lv90Scarecrow,0022,857,1039,0204,0396,0000,0017,0090,10000,0000,0050
100555,Lv90Scarecrow,0022,857,1039,0208,0392,0000,0017,0090,10000,0000,0050
100556,Lv90Scarecrow,0022,857,1039,0212,0388,0000,0017,0090,10000,0000,0050
100557,Lv90Scarecrow,0022,857,1039,0216,0384,0000,0017,0090,10000,0000,0050
100558,Lv90Scarecrow,0022,857,1039,0220,0380,0000,0017,0090,10000,0000,0050
100559,Lv90Scarecrow,0022,857,1039,0224,0376,0000,0017,0090,10000,0000,0050
100560,Lv90Scarecrow,0022,857,1039,0232,0368,0000,0017,0090,10000,0000,0050
100561,Lv90Scarecrow,0022,857,1039,0236,0364,0000,0017,0090,10000,0000,0050
100562,Lv90Scarecrow,0022,857,1039,0240,0360,0000,0017,0090,10000,0000,0050
100563,Lv90Scarecrow,0022,857,1039,0244,0356,0000,0017,0090,10000,0000,0050
100564,Lv90Scarecrow,0022,857,1039,0248,0352,0000,0017,0090,10000,0000,0050
100565,Lv90Scarecrow,0022,857,1039,0252,0348,0000,0017,0090,10000,0000,0050
100566,Lv90Scarecrow,0022,857,1039,0256,0344,0000,0017,0090,10000,0000,0050
100567,Lv90Scarecrow,0022,857,1039,0264,0336,0000,0017,0090,10000,0000,0050
100568,Lv90Scarecrow,0022,857,1039,0268,0332,0000,0017,0090,10000,0000,0050
100569,Lv90Scarecrow,0022,857,1039,0272,0328,0000,0017,0090,10000,0000,0050
100570,Lv90Scarecrow,0022,857,1039,0276,0324,0000,0017,0090,10000,0000,0050
100571,Lv90Scarecrow,0022,857,1039,0280,0320,0000,0017,0090,10000,0000,0050
100572,Lv95Stake,0021,877,1039,0322,0298,0000,0017,0095,10000,0580,0000
100573,Lv95Stake,0021,877,1039,0326,0294,0000,0017,0095,10000,0580,0000
100574,Lv95Stake,0021,877,1039,0330,0290,0000,0017,0095,10000,0580,0000
100575,Lv95Stake,0021,877,1039,0334,0286,0000,0017,0095,10000,0580,0000
100576,Lv95Stake,0021,877,1039,0338,0282,0000,0017,0095,10000,0580,0000
100577,Lv95Stake,0021,877,1039,0342,0278,0000,0017,0095,10000,0580,0000
100578,Lv95Stake,0021,877,1039,0346,0274,0000,0017,0095,10000,0580,0000
100579,Lv95Stake,0021,877,1039,0354,0266,0000,0017,0095,10000,0580,0000
100580,Lv95Stake,0021,877,1039,0358,0262,0000,0017,0095,10000,0580,0000
100581,Lv95Stake,0021,877,1039,0362,0258,0000,0017,0095,10000,0580,0000
100582,Lv95Stake,0021,877,1039,0366,0254,0000,0017,0095,10000,0580,0000
100583,Lv95Stake,0021,877,1039,0370,0250,0000,0017,0095,10000,0580,0000
100584,Lv95Stake,0021,877,1039,0374,0246,0000,0017,0095,10000,0580,0000
100585,Lv95Stake,0021,877,1039,0378,0242,0000,0017,0095,10000,0580,0000
100586,Lv95Stake,0021,877,1039,0386,0234,0000,0017,0095,10000,0580,0000
100587,Lv95Stake,0021,877,1039,0390,0230,0000,0017,0095,10000,0580,0000
100588,Lv95Stake,0021,877,1039,0394,0226,0000,0017,0095,10000,0580,0000
100589,Lv95Stake,0021,877,1039,0398,0222,0000,0017,0095,10000,0580,0000
100590,Lv95Stake,0021,877,1039,0402,0218,0000,0017,0095,10000,0580,0000
100591,Lv95Scarecrow,0022,887,1039,0312,0288,0000,0017,0095,10000,0000,0050
100592,Lv95Scarecrow,0022,887,1039,0316,0284,0000,0017,0095,10000,0000,0050
100593,Lv95Scarecrow,0022,887,1039,0320,0280,0000,0017,0095,10000,0000,0050
100594,Lv95Scarecrow,0022,887,1039,0324,0276,0000,0017,0095,10000,0000,0050
100595,Lv95Scarecrow,0022,887,1039,0328,0272,0000,0017,0095,10000,0000,0050
100596,Lv95Scarecrow,0022,887,1039,0332,0268,0000,0017,0095,10000,0000,0050
100597,Lv95Scarecrow,0022,887,1039,0336,0264,0000,0017,0095,10000,0000,0050
100598,Lv95Scarecrow,0022,887,1039,0344,0256,0000,0017,0095,10000,0000,0050
100599,Lv95Scarecrow,0022,887,1039,0348,0252,0000,0017,0095,10000,0000,0050
100600,Lv95Scarecrow,0022,887,1039,0352,0248,0000,0017,0095,10000,0000,0050
100601,Lv95Scarecrow,0022,887,1039,0356,0244,0000,0017,0095,10000,0000,0050
100602,Lv95Scarecrow,0022,887,1039,0360,0240,0000,0017,0095,10000,0000,0050
100603,Lv95Scarecrow,0022,887,1039,0364,0236,0000,0017,0095,10000,0000,0050
100604,Lv95Scarecrow,0022,887,1039,0368,0232,0000,0017,0095,10000,0000,0050
100605,Lv95Scarecrow,0022,887,1039,0376,0224,0000,0017,0095,10000,0000,0050
100606,Lv95Scarecrow,0022,887,1039,0380,0220,0000,0017,0095,10000,0000,0050
100607,Lv95Scarecrow,0022,887,1039,0384,0216,0000,0017,0095,10000,0000,0050
100608,Lv95Scarecrow,0022,887,1039,0388,0212,0000,0017,0095,10000,0000,0050
100609,Lv95Scarecrow,0022,887,1039,0392,0208,0000,0017,0095,10000,0000,0050
100610,Lv100Stake,0021,907,1039,0235,0435,0000,0017,0100,10000,0670,0000
100611,Lv100Stake,0021,907,1039,0239,0431,0000,0017,0100,10000,0670,0000
100612,Lv100Stake,0021,907,1039,0243,0427,0000,0017,0100,10000,0670,0000
100613,Lv100Stake,0021,907,1039,0247,0423,0000,0017,0100,10000,0670,0000
100614,Lv100Stake,0021,907,1039,0251,0419,0000,0017,0100,10000,0670,0000
100615,Lv100Stake,0021,907,1039,0255,0415,0000,0017,0100,10000,0670,0000
100616,Lv100Stake,0021,907,1039,0259,0411,0000,0017,0100,10000,0670,0000
100617,Lv100Stake,0021,907,1039,0267,0403,0000,0017,0100,10000,0670,0000
100618,Lv100Stake,0021,907,1039,0271,0399,0000,0017,0100,10000,0670,0000
100619,Lv100Stake,0021,907,1039,0275,0395,0000,0017,0100,10000,0670,0000
100620,Lv100Stake,0021,907,1039,0279,0391,0000,0017,0100,10000,0670,0000
100621,Lv100Stake,0021,907,1039,0283,0387,0000,0017,0100,10000,0670,0000
100622,Lv100Stake,0021,907,1039,0287,0383,0000,0017,0100,10000,0670,0000
100623,Lv100Stake,0021,907,1039,0291,0379,0000,0017,0100,10000,0670,0000
100624,Lv100Stake,0021,907,1039,0299,0371,0000,0017,0100,10000,0670,0000
100625,Lv100Stake,0021,907,1039,0303,0367,0000,0017,0100,10000,0670,0000
100626,Lv100Stake,0021,907,1039,0307,0363,0000,0017,0100,10000,0670,0000
100627,Lv100Stake,0021,907,1039,0311,0359,0000,0017,0100,10000,0670,0000
100628,Lv100Stake,0021,907,1039,0315,0355,0000,0017,0100,10000,0670,0000
100629,Lv100Scarecrow,0022,917,1039,0225,0425,0000,0017,0100,10000,0000,0050
100630,Lv100Scarecrow,0022,917,1039,0229,0421,0000,0017,0100,10000,0000,0050
100631,Lv100Scarecrow,0022,917,1039,0233,0417,0000,0017,0100,10000,0000,0050
100632,Lv100Scarecrow,0022,917,1039,0237,0413,0000,0017,0100,10000,0000,0050
100633,Lv100Scarecrow,0022,917,1039,0241,0409,0000,0017,0100,10000,0000,0050
100634,Lv100Scarecrow,0022,917,1039,0245,0405,0000,0017,0100,10000,0000,0050
100635,Lv100Scarecrow,0022,917,1039,0249,0401,0000,0017,0100,10000,0000,0050
100636,Lv100Scarecrow,0022,917,1039,0257,0393,0000,0017,0100,10000,0000,0050
100637,Lv100Scarecrow,0022,917,1039,0261,0389,0000,0017,0100,10000,0000,0050
100638,Lv100Scarecrow,0022,917,1039,0265,0385,0000,0017,0100,10000,0000,0050
100639,Lv100Scarecrow,0022,917,1039,0269,0381,0000,0017,0100,10000,0000,0050
100640,Lv100Scarecrow,0022,917,1039,0273,0377,0000,0017,0100,10000,0000,0050
100641,Lv100Scarecrow,0022,917,1039,0277,0373,0000,0017,0100,10000,0000,0050
100642,Lv100Scarecrow,0022,917,1039,0281,0369,0000,0017,0100,10000,0000,0050
100643,Lv100Scarecrow,0022,917,1039,0289,0361,0000,0017,0100,10000,0000,0050
100644,Lv100Scarecrow,0022,917,1039,0293,0357,0000,0017,0100,10000,0000,0050
100645,Lv100Scarecrow,0022,917,1039,0297,0353,0000,0017,0100,10000,0000,0050
100646,Lv100Scarecrow,0022,917,1039,0301,0349,0000,0017,0100,10000,0000,0050
100647,Lv100Scarecrow,0022,917,1039,0305,0345,0000,0017,0100,10000,0000,0050
100648,Lv105Stake,0021,937,1039,0347,0323,0000,0017,0105,10000,0700,0000
100649,Lv105Stake,0021,937,1039,0351,0319,0000,0017,0105,10000,0700,0000
100650,Lv105Stake,0021,937,1039,0355,0315,0000,0017,0105,10000,0700,0000
100651,Lv105Stake,0021,937,1039,0359,0311,0000,0017,0105,10000,0700,0000
100652,Lv105Stake,0021,937,1039,0363,0307,0000,0017,0105,10000,0700,0000
100653,Lv105Stake,0021,937,1039,0367,0303,0000,0017,0105,10000,0700,0000
100654,Lv105Stake,0021,937,1039,0371,0299,0000,0017,0105,10000,0700,0000
100655,Lv105Stake,0021,937,1039,0379,0291,0000,0017,0105,10000,0700,0000
100656,Lv105Stake,0021,937,1039,0383,0287,0000,0017,0105,10000,0700,0000
100657,Lv105Stake,0021,937,1039,0387,0283,0000,0017,0105,10000,0700,0000
100658,Lv105Stake,0021,937,1039,0391,0279,0000,0017,0105,10000,0700,0000
100659,Lv105Stake,0021,937,1039,0395,0275,0000,0017,0105,10000,0700,0000
100660,Lv105Stake,0021,937,1039,0399,0271,0000,0017,0105,10000,0700,0000
100661,Lv105Stake,0021,937,1039,0403,0267,0000,0017,0105,10000,0700,0000
100662,Lv105Stake,0021,937,1039,0411,0259,0000,0017,0105,10000,0700,0000
100663,Lv105Stake,0021,937,1039,0415,0255,0000,0017,0105,10000,0700,0000
100664,Lv105Stake,0021,937,1039,0419,0251,0000,0017,0105,10000,0700,0000
100665,Lv105Stake,0021,937,1039,0423,0247,0000,0017,0105,10000,0700,0000
100666,Lv105Stake,0021,937,1039,0427,0243,0000,0017,0105,10000,0700,0000
100667,Lv105Scarecrow,0022,947,1039,0337,0313,0000,0017,0105,10000,0000,0050
100668,Lv105Scarecrow,0022,947,1039,0341,0309,0000,0017,0105,10000,0000,0050
100669,Lv105Scarecrow,0022,947,1039,0345,0305,0000,0017,0105,10000,0000,0050
100670,Lv105Scarecrow,0022,947,1039,0349,0301,0000,0017,0105,10000,0000,0050
100671,Lv105Scarecrow,0022,947,1039,0353,0297,0000,0017,0105,10000,0000,0050
100672,Lv105Scarecrow,0022,947,1039,0357,0293,0000,0017,0105,10000,0000,0050
100673,Lv105Scarecrow,0022,947,1039,0361,0289,0000,0017,0105,10000,0000,0050
100674,Lv105Scarecrow,0022,947,1039,0369,0281,0000,0017,0105,10000,0000,0050
100675,Lv105Scarecrow,0022,947,1039,0373,0277,0000,0017,0105,10000,0000,0050
100676,Lv105Scarecrow,0022,947,1039,0377,0273,0000,0017,0105,10000,0000,0050
100677,Lv105Scarecrow,0022,947,1039,0381,0269,0000,0017,0105,10000,0000,0050
100678,Lv105Scarecrow,0022,947,1039,0385,0265,0000,0017,0105,10000,0000,0050
100679,Lv105Scarecrow,0022,947,1039,0389,0261,0000,0017,0105,10000,0000,0050
100680,Lv105Scarecrow,0022,947,1039,0393,0257,0000,0017,0105,10000,0000,0050
100681,Lv105Scarecrow,0022,947,1039,0401,0249,0000,0017,0105,10000,0000,0050
100682,Lv105Scarecrow,0022,947,1039,0405,0245,0000,0017,0105,10000,0000,0050
100683,Lv105Scarecrow,0022,947,1039,0409,0241,0000,0017,0105,10000,0000,0050
100684,Lv105Scarecrow,0022,947,1039,0413,0237,0000,0017,0105,10000,0000,0050
100685,Lv105Scarecrow,0022,947,1039,0417,0233,0000,0017,0105,10000,0000,0050
100686,Lv110Stake,0021,967,1039,0260,0460,0000,0017,0110,10000,0800,0000
100687,Lv110Stake,0021,967,1039,0264,0456,0000,0017,0110,10000,0800,0000
100688,Lv110Stake,0021,967,1039,0268,0452,0000,0017,0110,10000,0800,0000
100689,Lv110Stake,0021,967,1039,0272,0448,0000,0017,0110,10000,0800,0000
100690,Lv110Stake,0021,967,1039,0276,0444,0000,0017,0110,10000,0800,0000
100691,Lv110Stake,0021,967,1039,0280,0440,0000,0017,0110,10000,0800,0000
100692,Lv110Stake,0021,967,1039,0284,0436,0000,0017,0110,10000,0800,0000
100693,Lv110Stake,0021,967,1039,0292,0428,0000,0017,0110,10000,0800,0000
100694,Lv110Stake,0021,967,1039,0296,0424,0000,0017,0110,10000,0800,0000
100695,Lv110Stake,0021,967,1039,0300,0420,0000,0017,0110,10000,0800,0000
100696,Lv110Stake,0021,967,1039,0304,0416,0000,0017,0110,10000,0800,0000
100697,Lv110Stake,0021,967,1039,0308,0412,0000,0017,0110,10000,0800,0000
100698,Lv110Stake,0021,967,1039,0312,0408,0000,0017,0110,10000,0800,0000
100699,Lv110Stake,0021,967,1039,0316,0404,0000,0017,0110,10000,0800,0000
100700,Lv110Stake,0021,967,1039,0324,0396,0000,0017,0110,10000,0800,0000
100701,Lv110Stake,0021,967,1039,0328,0392,0000,0017,0110,10000,0800,0000
100702,Lv110Stake,0021,967,1039,0332,0388,0000,0017,0110,10000,0800,0000
100703,Lv110Stake,0021,967,1039,0336,0384,0000,0017,0110,10000,0800,0000
100704,Lv110Stake,0021,967,1039,0340,0380,0000,0017,0110,10000,0800,0000
100705,Lv110Scarecrow,0022,977,1039,0250,0450,0000,0017,0110,10000,0000,0050
100706,Lv110Scarecrow,0022,977,1039,0254,0446,0000,0017,0110,10000,0000,0050
100707,Lv110Scarecrow,0022,977,1039,0258,0442,0000,0017,0110,10000,0000,0050
100708,Lv110Scarecrow,0022,977,1039,0262,0438,0000,0017,0110,10000,0000,0050
100709,Lv110Scarecrow,0022,977,1039,0266,0434,0000,0017,0110,10000,0000,0050
100710,Lv110Scarecrow,0022,977,1039,0270,0430,0000,0017,0110,10000,0000,0050
100711,Lv110Scarecrow,0022,977,1039,0274,0426,0000,0017,0110,10000,0000,0050
100712,Lv110Scarecrow,0022,977,1039,0282,0418,0000,0017,0110,10000,0000,0050
100713,Lv110Scarecrow,0022,977,1039,0286,0414,0000,0017,0110,10000,0000,0050
100714,Lv110Scarecrow,0022,977,1039,0290,0410,0000,0017,0110,10000,0000,0050
100715,Lv110Scarecrow,0022,977,1039,0294,0406,0000,0017,0110,10000,0000,0050
100716,Lv110Scarecrow,0022,977,1039,0298,0402,0000,0017,0110,10000,0000,0050
100717,Lv110Scarecrow,0022,977,1039,0302,0398,0000,0017,0110,10000,0000,0050
100718,Lv110Scarecrow,0022,977,1039,0306,0394,0000,0017,0110,10000,0000,0050
100719,Lv110Scarecrow,0022,977,1039,0314,0386,0000,0017,0110,10000,0000,0050
100720,Lv110Scarecrow,0022,977,1039,0318,0382,0000,0017,0110,10000,0000,0050
100721,Lv110Scarecrow,0022,977,1039,0322,0378,0000,0017,0110,10000,0000,0050
100722,Lv110Scarecrow,0022,977,1039,0326,0374,0000,0017,0110,10000,0000,0050
100723,Lv110Scarecrow,0022,977,1039,0330,0370,0000,0017,0110,10000,0000,0050
100724,Lv115Stake,0021,997,1039,0372,0348,0000,0017,0115,10000,1000,0000
100725,Lv115Stake,0021,997,1039,0376,0344,0000,0017,0115,10000,1000,0000
100726,Lv115Stake,0021,997,1039,0380,0340,0000,0017,0115,10000,1000,0000
100727,Lv115Stake,0021,997,1039,0384,0336,0000,0017,0115,10000,1000,0000
100728,Lv115Stake,0021,997,1039,0388,0332,0000,0017,0115,10000,1000,0000
100729,Lv115Stake,0021,997,1039,0392,0328,0000,0017,0115,10000,1000,0000
100730,Lv115Stake,0021,997,1039,0396,0324,0000,0017,0115,10000,1000,0000
100731,Lv115Stake,0021,997,1039,0404,0316,0000,0017,0115,10000,1000,0000
100732,Lv115Stake,0021,997,1039,0408,0312,0000,0017,0115,10000,1000,0000
100733,Lv115Stake,0021,997,1039,0412,0308,0000,0017,0115,10000,1000,0000
100734,Lv115Stake,0021,997,1039,0416,0304,0000,0017,0115,10000,1000,0000
100735,Lv115Stake,0021,997,1039,0420,0300,0000,0017,0115,10000,1000,0000
100736,Lv115Stake,0021,997,1039,0424,0296,0000,0017,0115,10000,1000,0000
100737,Lv115Stake,0021,997,1039,0428,0292,0000,0017,0115,10000,1000,0000
100738,Lv115Stake,0021,997,1039,0436,0284,0000,0017,0115,10000,1000,0000
100739,Lv115Stake,0021,997,1039,0440,0280,0000,0017,0115,10000,1000,0000
100740,Lv115Stake,0021,997,1039,0444,0276,0000,0017,0115,10000,1000,0000
100741,Lv115Stake,0021,997,1039,0448,0272,0000,0017,0115,10000,1000,0000
100742,Lv115Stake,0021,997,1039,0452,0268,0000,0017,0115,10000,1000,0000
100743,Lv115Scarecrow,0022,1007,1039,0362,0338,0000,0017,0115,10000,0000,0050
100744,Lv115Scarecrow,0022,1007,1039,0366,0334,0000,0017,0115,10000,0000,0050
100745,Lv115Scarecrow,0022,1007,1039,0370,0330,0000,0017,0115,10000,0000,0050
100746,Lv115Scarecrow,0022,1007,1039,0374,0326,0000,0017,0115,10000,0000,0050
100747,Lv115Scarecrow,0022,1007,1039,0378,0322,0000,0017,0115,10000,0000,0050
100748,Lv115Scarecrow,0022,1007,1039,0382,0318,0000,0017,0115,10000,0000,0050
100749,Lv115Scarecrow,0022,1007,1039,0386,0314,0000,0017,0115,10000,0000,0050
100750,Lv115Scarecrow,0022,1007,1039,0394,0306,0000,0017,0115,10000,0000,0050
100751,Lv115Scarecrow,0022,1007,1039,0398,0302,0000,0017,0115,10000,0000,0050
100752,Lv115Scarecrow,0022,1007,1039,0402,0298,0000,0017,0115,10000,0000,0050
100753,Lv115Scarecrow,0022,1007,1039,0406,0294,0000,0017,0115,10000,0000,0050
100754,Lv115Scarecrow,0022,1007,1039,0410,0290,0000,0017,0115,10000,0000,0050
100755,Lv115Scarecrow,0022,1007,1039,0414,0286,0000,0017,0115,10000,0000,0050
100756,Lv115Scarecrow,0022,1007,1039,0418,0282,0000,0017,0115,10000,0000,0050
100757,Lv115Scarecrow,0022,1007,1039,0426,0274,0000,0017,0115,10000,0000,0050
100758,Lv115Scarecrow,0022,1007,1039,0430,0270,0000,0017,0115,10000,0000,0050
100759,Lv115Scarecrow,0022,1007,1039,0434,0266,0000,0017,0115,10000,0000,0050
100760,Lv115Scarecrow,0022,1007,1039,0438,0262,0000,0017,0115,10000,0000,0050
100761,Lv115Scarecrow,0022,1007,1039,0442,0258,0000,0017,0115,10000,0000,0050
100762,Lv120Stake,0021,1027,1039,0285,0485,0000,0017,0120,10000,1100,0000
100763,Lv120Stake,0021,1027,1039,0289,0481,0000,0017,0120,10000,1100,0000
100764,Lv120Stake,0021,1027,1039,0293,0477,0000,0017,0120,10000,1100,0000
100765,Lv120Stake,0021,1027,1039,0297,0473,0000,0017,0120,10000,1100,0000
100766,Lv120Stake,0021,1027,1039,0301,0469,0000,0017,0120,10000,1100,0000
100767,Lv120Stake,0021,1027,1039,0305,0465,0000,0017,0120,10000,1100,0000
100768,Lv120Stake,0021,1027,1039,0309,0461,0000,0017,0120,10000,1100,0000
100769,Lv120Stake,0021,1027,1039,0317,0453,0000,0017,0120,10000,1100,0000
100770,Lv120Stake,0021,1027,1039,0321,0449,0000,0017,0120,10000,1100,0000
100771,Lv120Stake,0021,1027,1039,0325,0445,0000,0017,0120,10000,1100,0000
100772,Lv120Stake,0021,1027,1039,0329,0441,0000,0017,0120,10000,1100,0000
100773,Lv120Stake,0021,1027,1039,0333,0437,0000,0017,0120,10000,1100,0000
100774,Lv120Stake,0021,1027,1039,0337,0433,0000,0017,0120,10000,1100,0000
100775,Lv120Stake,0021,1027,1039,0341,0429,0000,0017,0120,10000,1100,0000
100776,Lv120Stake,0021,1027,1039,0349,0421,0000,0017,0120,10000,1100,0000
100777,Lv120Stake,0021,1027,1039,0353,0417,0000,0017,0120,10000,1100,0000
100778,Lv120Stake,0021,1027,1039,0357,0413,0000,0017,0120,10000,1100,0000
100779,Lv120Stake,0021,1027,1039,0361,0409,0000,0017,0120,10000,1100,0000
100780,Lv120Stake,0021,1027,1039,0365,0405,0000,0017,0120,10000,1100,0000
100781,Lv120Scarecrow,0022,1037,1039,0275,0475,0000,0017,0120,10000,0000,0050
100782,Lv120Scarecrow,0022,1037,1039,0279,0471,0000,0017,0120,10000,0000,0050
100783,Lv120Scarecrow,0022,1037,1039,0283,0467,0000,0017,0120,10000,0000,0050
100784,Lv120Scarecrow,0022,1037,1039,0287,0463,0000,0017,0120,10000,0000,0050
100785,Lv120Scarecrow,0022,1037,1039,0291,0459,0000,0017,0120,10000,0000,0050
100786,Lv120Scarecrow,0022,1037,1039,0295,0455,0000,0017,0120,10000,0000,0050
100787,Lv120Scarecrow,0022,1037,1039,0299,0451,0000,0017,0120,10000,0000,0050
100788,Lv120Scarecrow,0022,1037,1039,0307,0443,0000,0017,0120,10000,0000,0050
100789,Lv120Scarecrow,0022,1037,1039,0311,0439,0000,0017,0120,10000,0000,0050
100790,Lv120Scarecrow,0022,1037,1039,0315,0435,0000,0017,0120,10000,0000,0050
100791,Lv120Scarecrow,0022,1037,1039,0319,0431,0000,0017,0120,10000,0000,0050
100792,Lv120Scarecrow,0022,1037,1039,0323,0427,0000,0017,0120,10000,0000,0050
100793,Lv120Scarecrow,0022,1037,1039,0327,0423,0000,0017,0120,10000,0000,0050
100794,Lv120Scarecrow,0022,1037,1039,0331,0419,0000,0017,0120,10000,0000,0050
100795,Lv120Scarecrow,0022,1037,1039,0339,0411,0000,0017,0120,10000,0000,0050
100796,Lv120Scarecrow,0022,1037,1039,0343,0407,0000,0017,0120,10000,0000,0050
100797,Lv120Scarecrow,0022,1037,1039,0347,0403,0000,0017,0120,10000,0000,0050
100798,Lv120Scarecrow,0022,1037,1039,0351,0399,0000,0017,0120,10000,0000,0050
100799,Lv120Scarecrow,0022,1037,1039,0355,0395,0000,0017,0120,10000,0000,0050
100810,GuildGateKeeper,0010,1137,1038,0084,0099,0000,0017,0000,20000000,0000,0095
100821,Lv20Stake,0021,427,1039,0104,0136,0000,0017,0020,10000,0050,0000
100822,Lv20Scarecrow,0022,437,1039,0094,0126,0000,0017,0020,10000,0000,0050
100823,Lv25Stake,0021,457,1039,0216,0024,0000,0017,0025,10000,0050,0000
100824,Lv25Scarecrow,0022,467,1039,0206,0014,0000,0017,0025,10000,0000,0050
100825,Lv30Stake,0021,487,1039,0129,0161,0000,0017,0030,10000,0050,0000
100826,Lv30Scarecrow,0022,497,1039,0119,0151,0000,0017,0030,10000,0000,0050
100827,Lv35Stake,0021,517,1039,0241,0049,0000,0017,0035,10000,0080,0000
100828,Lv35Scarecrow,0022,527,1039,0231,0039,0000,0017,0035,10000,0000,0050
100829,Lv40Stake,0021,547,1039,0154,0186,0000,0017,0040,10000,0100,0000
100830,Lv40Scarecrow,0022,557,1039,0144,0176,0000,0017,0040,10000,0000,0050
100831,Lv45Stake,0021,577,1039,0266,0074,0000,0017,0045,10000,0120,0000
100832,Lv45Scarecrow,0022,587,1039,0256,0064,0000,0017,0045,10000,0000,0050
100833,Lv50Stake,0021,607,1039,0179,0211,0000,0017,0050,10000,0150,0000
100834,Lv50Scarecrow,0022,617,1039,0169,0201,0000,0017,0050,10000,0000,0050
100835,Lv55Stake,0021,637,1039,0291,0099,0000,0017,0055,10000,0170,0000
100836,Lv55Scarecrow,0022,647,1039,0281,0089,0000,0017,0055,10000,0000,0050
100837,Lv60Stake,0021,667,1039,0204,0236,0000,0017,0060,10000,0210,0000
100838,Lv60Scarecrow,0022,677,1039,0194,0226,0000,0017,0060,10000,0000,0050
100839,Lv65Stake,0021,697,1039,0316,0124,0000,0017,0065,10000,0250,0000
100840,Lv65Scarecrow,0022,707,1039,0306,0114,0000,0017,0065,10000,0000,0050
100841,Lv70Stake,0021,727,1039,0229,0261,0000,0017,0070,10000,0290,0000
100842,Lv70Scarecrow,0022,737,1039,0219,0251,0000,0017,0070,10000,0000,0050
100843,Lv75Stake,0021,757,1039,0341,0149,0000,0017,0075,10000,0330,0000
100844,Lv75Scarecrow,0022,767,1039,0331,0139,0000,0017,0075,10000,0000,0050
100845,Lv80Stake,0021,787,1039,0269,0301,0000,0017,0080,10000,0380,0000
100846,Lv80Scarecrow,0022,797,1039,0259,0291,0000,0017,0080,10000,0000,0050
100847,Lv85Stake,0021,817,1039,0381,0189,0000,0017,0085,10000,0440,0000
100848,Lv85Scarecrow,0022,827,1039,0371,0179,0000,0017,0085,10000,0000,0050
100849,Lv90Stake,0021,847,1039,0294,0326,0000,0017,0090,10000,0500,0000
100850,Lv90Scarecrow,0022,857,1039,0284,0316,0000,0017,0090,10000,0000,0050
100851,Lv95Stake,0021,877,1039,0406,0214,0000,0017,0095,10000,0580,0000
100852,Lv95Scarecrow,0022,887,1039,0396,0204,0000,0017,0095,10000,0000,0050
100853,Lv100Stake,0021,907,1039,0319,0351,0000,0017,0100,10000,0670,0000
100854,Lv100Scarecrow,0022,917,1039,0309,0341,0000,0017,0100,10000,0000,0050
100855,Lv105Stake,0021,937,1039,0431,0239,0000,0017,0105,10000,0700,0000
100856,Lv105Scarecrow,0022,947,1039,0421,0229,0000,0017,0105,10000,0000,0050
100857,Lv110Stake,0021,967,1039,0344,0376,0000,0017,0110,10000,0800,0000
100858,Lv110Scarecrow,0022,977,1039,0334,0366,0000,0017,0110,10000,0000,0050
100859,Lv115Stake,0021,997,1039,0456,0264,0000,0017,0115,10000,1000,0000
100860,Lv115Scarecrow,0022,1007,1039,0446,0254,0000,0017,0115,10000,0000,0050
100861,Lv120Stake,0021,1027,1039,0369,0401,0000,0017,0120,10000,1100,0000
100862,Lv120Scarecrow,0022,1037,1039,0359,0391,0000,0017,0120,10000,0000,0050
100863,Lv125Stake,0021,1507,1039,0469,0301,0000,0017,0125,10000,1200,0000
100864,Lv125Stake,0021,1507,1039,0473,0297,0000,0017,0125,10000,1200,0000
100865,Lv125Stake,0021,1507,1039,0477,0293,0000,0017,0125,10000,1200,0000
100866,Lv125Stake,0021,1507,1039,0481,0289,0000,0017,0125,10000,1200,0000
100867,Lv125Scarecrow,0022,1527,1039,0459,0291,0000,0017,0125,10000,0000,0050
100868,Lv125Scarecrow,0022,1527,1039,0463,0287,0000,0017,0125,10000,0000,0050
100869,Lv125Scarecrow,0022,1527,1039,0467,0283,0000,0017,0125,10000,0000,0050
100870,Lv125Scarecrow,0022,1527,1039,0471,0279,0000,0017,0125,10000,0000,0050
100871,Lv20Stake,0021,427,1039,0108,0132,0000,0017,0020,10000,0050,0000
100872,Lv20Scarecrow,0022,437,1039,0098,0122,0000,0017,0020,10000,0000,0050
100873,Lv25Stake,0021,457,1039,0220,0020,0000,0017,0025,10000,0050,0000
100874,Lv25Scarecrow,0022,467,1039,0210,0010,0000,0017,0025,10000,0000,0050
100875,Lv30Stake,0021,487,1039,0133,0157,0000,0017,0030,10000,0050,0000
100876,Lv30Scarecrow,0022,497,1039,0123,0147,0000,0017,0030,10000,0000,0050
100877,Lv35Stake,0021,517,1039,0245,0045,0000,0017,0035,10000,0080,0000
100878,Lv35Scarecrow,0022,527,1039,0235,0035,0000,0017,0035,10000,0000,0050
100879,Lv40Stake,0021,547,1039,0158,0182,0000,0017,0040,10000,0100,0000
100880,Lv40Scarecrow,0022,557,1039,0148,0172,0000,0017,0040,10000,0000,0050
100881,Lv45Stake,0021,577,1039,0270,0070,0000,0017,0045,10000,0120,0000
100882,Lv45Scarecrow,0022,587,1039,0260,0060,0000,0017,0045,10000,0000,0050
100883,Lv50Stake,0021,607,1039,0183,0207,0000,0017,0050,10000,0150,0000
100884,Lv50Scarecrow,0022,617,1039,0173,0197,0000,0017,0050,10000,0000,0050
100885,Lv55Stake,0021,637,1039,0295,0095,0000,0017,0055,10000,0170,0000
100886,Lv55Scarecrow,0022,647,1039,0285,0085,0000,0017,0055,10000,0000,0050
100887,Lv60Stake,0021,667,1039,0208,0232,0000,0017,0060,10000,0210,0000
100888,Lv60Scarecrow,0022,677,1039,0198,0222,0000,0017,0060,10000,0000,0050
100889,Lv65Stake,0021,697,1039,0320,0120,0000,0017,0065,10000,0250,0000
100890,Lv65Scarecrow,0022,707,1039,0310,0110,0000,0017,0065,10000,0000,0050
100891,Lv70Stake,0021,727,1039,0233,0257,0000,0017,0070,10000,0290,0000
100892,Lv70Scarecrow,0022,737,1039,0223,0247,0000,0017,0070,10000,0000,0050
100893,Lv75Stake,0021,757,1039,0345,0145,0000,0017,0075,10000,0330,0000
100894,Lv75Scarecrow,0022,767,1039,0335,0135,0000,0017,0075,10000,0000,0050
100895,Lv80Stake,0021,787,1039,0273,0297,0000,0017,0080,10000,0380,0000
100896,Lv80Scarecrow,0022,797,1039,0263,0287,0000,0017,0080,10000,0000,0050
100897,Lv85Stake,0021,817,1039,0385,0185,0000,0017,0085,10000,0440,0000
100898,Lv85Scarecrow,0022,827,1039,0375,0175,0000,0017,0085,10000,0000,0050
100899,Lv90Stake,0021,847,1039,0298,0322,0000,0017,0090,10000,0500,0000
100900,Lv90Scarecrow,0022,857,1039,0288,0312,0000,0017,0090,10000,0000,0050
100901,Lv95Stake,0021,877,1039,0410,0210,0000,0017,0095,10000,0580,0000
100902,Lv95Scarecrow,0022,887,1039,0400,0200,0000,0017,0095,10000,0000,0050
100903,Lv100Stake,0021,907,1039,0323,0347,0000,0017,0100,10000,0670,0000
100904,Lv100Scarecrow,0022,917,1039,0313,0337,0000,0017,0100,10000,0000,0050
100905,Lv105Stake,0021,937,1039,0435,0235,0000,0017,0105,10000,0700,0000
100906,Lv105Scarecrow,0022,947,1039,0425,0225,0000,0017,0105,10000,0000,0050
100907,Lv110Stake,0021,967,1039,0348,0372,0000,0017,0110,10000,0800,0000
100908,Lv110Scarecrow,0022,977,1039,0338,0362,0000,0017,0110,10000,0000,0050
100909,Lv115Stake,0021,997,1039,0460,0260,0000,0017,0115,10000,1000,0000
100910,Lv115Scarecrow,0022,1007,1039,0450,0250,0000,0017,0115,10000,0000,0050
100911,Lv120Stake,0021,1027,1039,0373,0397,0000,0017,0120,10000,1100,0000
100912,Lv120Scarecrow,0022,1037,1039,0363,0387,0000,0017,0120,10000,0000,0050
100913,Lv125Stake,0021,1507,1039,0485,0285,0000,0017,0125,10000,1200,0000
100914,Lv125Scarecrow,0022,1527,1039,0475,0275,0000,0017,0125,10000,0000,0050
102140,Lv125Stake,0021,1507,1039,0397,0373,0000,0017,0125,10000,1200,0000
102141,Lv125Stake,0021,1507,1039,0401,0369,0000,0017,0125,10000,1200,0000
102142,Lv125Stake,0021,1507,1039,0405,0365,0000,0017,0125,10000,1200,0000
102143,Lv125Stake,0021,1507,1039,0409,0361,0000,0017,0125,10000,1200,0000
102144,Lv125Stake,0021,1507,1039,0413,0357,0000,0017,0125,10000,1200,0000
102145,Lv125Stake,0021,1507,1039,0417,0353,0000,0017,0125,10000,1200,0000
102146,Lv125Stake,0021,1507,1039,0421,0349,0000,0017,0125,10000,1200,0000
102147,Lv125Stake,0021,1507,1039,0429,0341,0000,0017,0125,10000,1200,0000
102148,Lv125Stake,0021,1507,1039,0433,0337,0000,0017,0125,10000,1200,0000
102149,Lv125Stake,0021,1507,1039,0437,0333,0000,0017,0125,10000,1200,0000
102150,Lv125Stake,0021,1507,1039,0441,0329,0000,0017,0125,10000,1200,0000
102151,Lv125Stake,0021,1507,1039,0445,0325,0000,0017,0125,10000,1200,0000
102152,Lv125Stake,0021,1507,1039,0449,0321,0000,0017,0125,10000,1200,0000
102153,Lv125Stake,0021,1507,1039,0453,0317,0000,0017,0125,10000,1200,0000
102154,Lv125Stake,0021,1507,1039,0461,0309,0000,0017,0125,10000,1200,0000
102155,Lv125Stake,0021,1507,1039,0465,0305,0000,0017,0125,10000,1200,0000
102160,Lv125Scarecrow,0022,1527,1039,0387,0363,0000,0017,0125,10000,0000,0050
102161,Lv125Scarecrow,0022,1527,1039,0391,0359,0000,0017,0125,10000,0000,0050
102162,Lv125Scarecrow,0022,1527,1039,0395,0355,0000,0017,0125,10000,0000,0050
102163,Lv125Scarecrow,0022,1527,1039,0399,0351,0000,0017,0125,10000,0000,0050
102164,Lv125Scarecrow,0022,1527,1039,0403,0347,0000,0017,0125,10000,0000,0050
102165,Lv125Scarecrow,0022,1527,1039,0407,0343,0000,0017,0125,10000,0000,0050
102166,Lv125Scarecrow,0022,1527,1039,0411,0339,0000,0017,0125,10000,0000,0050
102167,Lv125Scarecrow,0022,1527,1039,0419,0331,0000,0017,0125,10000,0000,0050
102168,Lv125Scarecrow,0022,1527,1039,0423,0327,0000,0017,0125,10000,0000,0050
102169,Lv125Scarecrow,0022,1527,1039,0427,0323,0000,0017,0125,10000,0000,0050
102170,Lv125Scarecrow,0022,1527,1039,0431,0319,0000,0017,0125,10000,0000,0050
102171,Lv125Scarecrow,0022,1527,1039,0435,0315,0000,0017,0125,10000,0000,0050
102172,Lv125Scarecrow,0022,1527,1039,0439,0311,0000,0017,0125,10000,0000,0050
102173,Lv125Scarecrow,0022,1527,1039,0443,0307,0000,0017,0125,10000,0000,0050
102174,Lv125Scarecrow,0022,1527,1039,0451,0299,0000,0017,0125,10000,0000,0050
102175,Lv125Scarecrow,0022,1527,1039,0455,0295,0000,0017,0125,10000,0000,0050
108802,GuildConductor2,0015,1467,1020,0556,0551,0000,0001,0000,0000,0000,0000
108824,GuildConductor4,0015,1487,1216,0013,0477,0000,0001,0000,0000,0000,0000
108825,GuildConductor3,0015,1474,1015,0341,0206,0000,0001,0000,0000,0000,0000
108846,GuildConductor1,0015,1457,1217,0534,0549,0000,0001,0000,0000,0000,0000
108855,ArtisanWind,0026,241,1038,0163,0210,0024,0021,0000,10000000,0000,0000
108856,SpaceMark,0026,277,1038,0223,0177,0027,0021,0000,10000000,0000,0000
300000,Shelby,0002,7624,1036,0240,0249,0000,0000,0000,0000,0000,0000
300010,Exorcist,0002,7680,1015,0715,0584,0000,0000,0000,0000,0000,0000
300011,WarriorGuard,0002,7690,1052,0229,0233,0000,0000,0000,0000,0000,0000
300012,TrojanGuard,0002,7710,1052,0191,0201,0000,0000,0000,0000,0000,0000
300013,FireGuard,0002,7720,1052,0181,0176,0000,0000,0000,0000,0000,0000
300014,WaterGuard,0002,7730,1052,0206,0179,0000,0000,0000,0000,0000,0000
300015,ArcherGuard,0002,7740,1052,0243,0219,0000,0000,0000,0000,0000,0000
300500,Eternity,0002,8360,1012,0119,0192,0000,0000,0000,0000,0000,0000
300651,Explorer,0002,9100,1077,0360,0008,0000,0000,0000,0000,0000,0000
300652,MineSupervisor,0002,9110,1210,0717,1036,0000,0000,0000,0000,0000,0000
300653,Grandpa,0002,9120,1212,0381,0032,0000,0000,0000,0000,0000,0000
300654,Boatman,0002,9130,1219,0381,0032,0000,0000,0000,0000,0000,0000
300655,OldExplorer,0002,9140,1216,0009,0478,0000,0000,0000,0000,0000,0000
350050,CelestialTao,0002,8460,1036,0291,0200,0000,0000,0000,0000,0000,0000
600000,Milly,0002,6000,1011,0804,0461,0000,0000,0000,0000,0000,0000
600001,Minner,0002,6010,1015,0707,0545,0000,0000,0000,0000,0000,0000
600002,Joe,0002,6020,1000,0077,0326,0000,0000,0000,0000,0000,0000
600003,Maggie,0002,6100,1042,0019,0019,0000,0000,0000,0000,0000,0000
600004,GuardianGod,0002,6111,1043,0204,0150,0000,0000,0000,0000,0000,0000
600005,Ghost,0002,6127,1043,0006,0066,0000,0000,0000,0000,0000,0000
600006,GuardianGod,0002,6111,1044,0204,0150,0000,0000,0000,0000,0000,0000
600007,Ghost,0002,6127,1044,0006,0066,0000,0000,0000,0000,0000,0000
600008,GuardianGod,0002,6111,1045,0204,0150,0000,0000,0000,0000,0000,0000
600009,Ghost,0002,6127,1045,0006,0066,0000,0000,0000,0000,0000,0000
600010,GuardianGod,0002,6111,1046,0204,0150,0000,0000,0000,0000,0000,0000
600011,Ghost,0002,6127,1046,0006,0066,0000,0000,0000,0000,0000,0000
600012,GuardianGod,0002,6111,1047,0204,0150,0000,0000,0000,0000,0000,0000
600013,Ghost,0002,6127,1047,0006,0066,0000,0000,0000,0000,0000,0000
600014,GuardianGod,0002,6111,1048,0204,0150,0000,0000,0000,0000,0000,0000
600015,Ghost,0002,6127,1048,0006,0066,0000,0000,0000,0000,0000,0000
600050,Fortuneteller,0002,6207,1002,0337,0720,0000,0000,0000,0000,0000,0000
600055,Starlit,0002,6217,1036,0073,0173,0000,0000,0000,0000,0000,0000
600060,Mr.Pine,0002,6232,1000,0454,0242,0000,0000,0000,0000,0000,0000
600061,RichmanZhang,0002,6247,1000,0520,0620,0000,0000,0000,0000,0000,0000
600062,GossiperWang,0002,6257,1015,0743,0515,0000,0000,0000,0000,0000,0000
600063,Roger,0002,6267,1015,0697,0595,0000,0000,0000,0000,0000,0000
600064,Rachel,0002,6277,1015,0209,0183,0000,0000,0000,0000,0000,0000
600065,William,0002,6310,1011,0211,0195,0000,0000,0000,0000,0000,0000
600066,ToughWei,0002,6287,1000,0066,0354,0000,0000,0000,0000,0000,0000
600068,OldGeneral,0002,6296,1020,0535,0533,0000,0000,0000,0000,0000,0000
600075,BoxerHuang,0002,6440,1039,0222,0220,0000,0000,0000,0000,0000,0000
600100,Alcoholist,0002,9200,1001,0674,0340,0000,0000,0000,0000,0000,0000
1550,BlacksmithLee,0002,140,1036,0212,0211,0000,0000,0000,0000,0000,0000
600300,Explorateur,0002,3100,1001,0671,0342,0000,0000,0000,0000,0000,0000
